barcode,x,y
AACGTGATAACGTGAT,1,50
AACGTGATAAACATCG,2,50
AACGTGATATGCCTAA,3,50
AACGTGATAGTGGTCA,4,50
AACGTGATACCACTGT,5,50
AACGTGATACATTGGC,6,50
AACGTGATCAGATCTG,7,50
AACGTGATCATCAAGT,8,50
AACGTGATCGCTGATC,9,50
AACGTGATACAAGCTA,10,50
AACGTGATCTGTAGCC,11,50
AACGTGATAGTACAAG,12,50
AACGTGATAACAACCA,13,50
AACGTGATAACCGAGA,14,50
AACGTGATAACGCTTA,15,50
AACGTGATAAGACGGA,16,50
AACGTGATAAGGTACA,17,50
AACGTGATACACAGAA,18,50
AACGTGATACAGCAGA,19,50
AACGTGATACCTCCAA,20,50
AACGTGATACGCTCGA,21,50
AACGTGATACGTATCA,22,50
AACGTGATACTATGCA,23,50
AACGTGATAGAGTCAA,24,50
AACGTGATAGATCGCA,25,50
AACGTGATAGCAGGAA,26,50
AACGTGATAGTCACTA,27,50
AACGTGATATCCTGTA,28,50
AACGTGATATTGAGGA,29,50
AACGTGATCAACCACA,30,50
AACGTGATGACTAGTA,31,50
AACGTGATCAATGGAA,32,50
AACGTGATCACTTCGA,33,50
AACGTGATCAGCGTTA,34,50
AACGTGATCATACCAA,35,50
AACGTGATCCAGTTCA,36,50
AACGTGATCCGAAGTA,37,50
AACGTGATCCGTGAGA,38,50
AACGTGATCCTCCTGA,39,50
AACGTGATCGAACTTA,40,50
AACGTGATCGACTGGA,41,50
AACGTGATCGCATACA,42,50
AACGTGATCTCAATGA,43,50
AACGTGATCTGAGCCA,44,50
AACGTGATCTGGCATA,45,50
AACGTGATGAATCTGA,46,50
AACGTGATCAAGACTA,47,50
AACGTGATGAGCTGAA,48,50
AACGTGATGATAGACA,49,50
AACGTGATGCCACATA,50,50
AAACATCGAACGTGAT,1,49
AAACATCGAAACATCG,2,49
AAACATCGATGCCTAA,3,49
AAACATCGAGTGGTCA,4,49
AAACATCGACCACTGT,5,49
AAACATCGACATTGGC,6,49
AAACATCGCAGATCTG,7,49
AAACATCGCATCAAGT,8,49
AAACATCGCGCTGATC,9,49
AAACATCGACAAGCTA,10,49
AAACATCGCTGTAGCC,11,49
AAACATCGAGTACAAG,12,49
AAACATCGAACAACCA,13,49
AAACATCGAACCGAGA,14,49
AAACATCGAACGCTTA,15,49
AAACATCGAAGACGGA,16,49
AAACATCGAAGGTACA,17,49
AAACATCGACACAGAA,18,49
AAACATCGACAGCAGA,19,49
AAACATCGACCTCCAA,20,49
AAACATCGACGCTCGA,21,49
AAACATCGACGTATCA,22,49
AAACATCGACTATGCA,23,49
AAACATCGAGAGTCAA,24,49
AAACATCGAGATCGCA,25,49
AAACATCGAGCAGGAA,26,49
AAACATCGAGTCACTA,27,49
AAACATCGATCCTGTA,28,49
AAACATCGATTGAGGA,29,49
AAACATCGCAACCACA,30,49
AAACATCGGACTAGTA,31,49
AAACATCGCAATGGAA,32,49
AAACATCGCACTTCGA,33,49
AAACATCGCAGCGTTA,34,49
AAACATCGCATACCAA,35,49
AAACATCGCCAGTTCA,36,49
AAACATCGCCGAAGTA,37,49
AAACATCGCCGTGAGA,38,49
AAACATCGCCTCCTGA,39,49
AAACATCGCGAACTTA,40,49
AAACATCGCGACTGGA,41,49
AAACATCGCGCATACA,42,49
AAACATCGCTCAATGA,43,49
AAACATCGCTGAGCCA,44,49
AAACATCGCTGGCATA,45,49
AAACATCGGAATCTGA,46,49
AAACATCGCAAGACTA,47,49
AAACATCGGAGCTGAA,48,49
AAACATCGGATAGACA,49,49
AAACATCGGCCACATA,50,49
ATGCCTAAAACGTGAT,1,48
ATGCCTAAAAACATCG,2,48
ATGCCTAAATGCCTAA,3,48
ATGCCTAAAGTGGTCA,4,48
ATGCCTAAACCACTGT,5,48
ATGCCTAAACATTGGC,6,48
ATGCCTAACAGATCTG,7,48
ATGCCTAACATCAAGT,8,48
ATGCCTAACGCTGATC,9,48
ATGCCTAAACAAGCTA,10,48
ATGCCTAACTGTAGCC,11,48
ATGCCTAAAGTACAAG,12,48
ATGCCTAAAACAACCA,13,48
ATGCCTAAAACCGAGA,14,48
ATGCCTAAAACGCTTA,15,48
ATGCCTAAAAGACGGA,16,48
ATGCCTAAAAGGTACA,17,48
ATGCCTAAACACAGAA,18,48
ATGCCTAAACAGCAGA,19,48
ATGCCTAAACCTCCAA,20,48
ATGCCTAAACGCTCGA,21,48
ATGCCTAAACGTATCA,22,48
ATGCCTAAACTATGCA,23,48
ATGCCTAAAGAGTCAA,24,48
ATGCCTAAAGATCGCA,25,48
ATGCCTAAAGCAGGAA,26,48
ATGCCTAAAGTCACTA,27,48
ATGCCTAAATCCTGTA,28,48
ATGCCTAAATTGAGGA,29,48
ATGCCTAACAACCACA,30,48
ATGCCTAAGACTAGTA,31,48
ATGCCTAACAATGGAA,32,48
ATGCCTAACACTTCGA,33,48
ATGCCTAACAGCGTTA,34,48
ATGCCTAACATACCAA,35,48
ATGCCTAACCAGTTCA,36,48
ATGCCTAACCGAAGTA,37,48
ATGCCTAACCGTGAGA,38,48
ATGCCTAACCTCCTGA,39,48
ATGCCTAACGAACTTA,40,48
ATGCCTAACGACTGGA,41,48
ATGCCTAACGCATACA,42,48
ATGCCTAACTCAATGA,43,48
ATGCCTAACTGAGCCA,44,48
ATGCCTAACTGGCATA,45,48
ATGCCTAAGAATCTGA,46,48
ATGCCTAACAAGACTA,47,48
ATGCCTAAGAGCTGAA,48,48
ATGCCTAAGATAGACA,49,48
ATGCCTAAGCCACATA,50,48
AGTGGTCAAACGTGAT,1,47
AGTGGTCAAAACATCG,2,47
AGTGGTCAATGCCTAA,3,47
AGTGGTCAAGTGGTCA,4,47
AGTGGTCAACCACTGT,5,47
AGTGGTCAACATTGGC,6,47
AGTGGTCACAGATCTG,7,47
AGTGGTCACATCAAGT,8,47
AGTGGTCACGCTGATC,9,47
AGTGGTCAACAAGCTA,10,47
AGTGGTCACTGTAGCC,11,47
AGTGGTCAAGTACAAG,12,47
AGTGGTCAAACAACCA,13,47
AGTGGTCAAACCGAGA,14,47
AGTGGTCAAACGCTTA,15,47
AGTGGTCAAAGACGGA,16,47
AGTGGTCAAAGGTACA,17,47
AGTGGTCAACACAGAA,18,47
AGTGGTCAACAGCAGA,19,47
AGTGGTCAACCTCCAA,20,47
AGTGGTCAACGCTCGA,21,47
AGTGGTCAACGTATCA,22,47
AGTGGTCAACTATGCA,23,47
AGTGGTCAAGAGTCAA,24,47
AGTGGTCAAGATCGCA,25,47
AGTGGTCAAGCAGGAA,26,47
AGTGGTCAAGTCACTA,27,47
AGTGGTCAATCCTGTA,28,47
AGTGGTCAATTGAGGA,29,47
AGTGGTCACAACCACA,30,47
AGTGGTCAGACTAGTA,31,47
AGTGGTCACAATGGAA,32,47
AGTGGTCACACTTCGA,33,47
AGTGGTCACAGCGTTA,34,47
AGTGGTCACATACCAA,35,47
AGTGGTCACCAGTTCA,36,47
AGTGGTCACCGAAGTA,37,47
AGTGGTCACCGTGAGA,38,47
AGTGGTCACCTCCTGA,39,47
AGTGGTCACGAACTTA,40,47
AGTGGTCACGACTGGA,41,47
AGTGGTCACGCATACA,42,47
AGTGGTCACTCAATGA,43,47
AGTGGTCACTGAGCCA,44,47
AGTGGTCACTGGCATA,45,47
AGTGGTCAGAATCTGA,46,47
AGTGGTCACAAGACTA,47,47
AGTGGTCAGAGCTGAA,48,47
AGTGGTCAGATAGACA,49,47
AGTGGTCAGCCACATA,50,47
ACCACTGTAACGTGAT,1,46
ACCACTGTAAACATCG,2,46
ACCACTGTATGCCTAA,3,46
ACCACTGTAGTGGTCA,4,46
ACCACTGTACCACTGT,5,46
ACCACTGTACATTGGC,6,46
ACCACTGTCAGATCTG,7,46
ACCACTGTCATCAAGT,8,46
ACCACTGTCGCTGATC,9,46
ACCACTGTACAAGCTA,10,46
ACCACTGTCTGTAGCC,11,46
ACCACTGTAGTACAAG,12,46
ACCACTGTAACAACCA,13,46
ACCACTGTAACCGAGA,14,46
ACCACTGTAACGCTTA,15,46
ACCACTGTAAGACGGA,16,46
ACCACTGTAAGGTACA,17,46
ACCACTGTACACAGAA,18,46
ACCACTGTACAGCAGA,19,46
ACCACTGTACCTCCAA,20,46
ACCACTGTACGCTCGA,21,46
ACCACTGTACGTATCA,22,46
ACCACTGTACTATGCA,23,46
ACCACTGTAGAGTCAA,24,46
ACCACTGTAGATCGCA,25,46
ACCACTGTAGCAGGAA,26,46
ACCACTGTAGTCACTA,27,46
ACCACTGTATCCTGTA,28,46
ACCACTGTATTGAGGA,29,46
ACCACTGTCAACCACA,30,46
ACCACTGTGACTAGTA,31,46
ACCACTGTCAATGGAA,32,46
ACCACTGTCACTTCGA,33,46
ACCACTGTCAGCGTTA,34,46
ACCACTGTCATACCAA,35,46
ACCACTGTCCAGTTCA,36,46
ACCACTGTCCGAAGTA,37,46
ACCACTGTCCGTGAGA,38,46
ACCACTGTCCTCCTGA,39,46
ACCACTGTCGAACTTA,40,46
ACCACTGTCGACTGGA,41,46
ACCACTGTCGCATACA,42,46
ACCACTGTCTCAATGA,43,46
ACCACTGTCTGAGCCA,44,46
ACCACTGTCTGGCATA,45,46
ACCACTGTGAATCTGA,46,46
ACCACTGTCAAGACTA,47,46
ACCACTGTGAGCTGAA,48,46
ACCACTGTGATAGACA,49,46
ACCACTGTGCCACATA,50,46
ACATTGGCAACGTGAT,1,45
ACATTGGCAAACATCG,2,45
ACATTGGCATGCCTAA,3,45
ACATTGGCAGTGGTCA,4,45
ACATTGGCACCACTGT,5,45
ACATTGGCACATTGGC,6,45
ACATTGGCCAGATCTG,7,45
ACATTGGCCATCAAGT,8,45
ACATTGGCCGCTGATC,9,45
ACATTGGCACAAGCTA,10,45
ACATTGGCCTGTAGCC,11,45
ACATTGGCAGTACAAG,12,45
ACATTGGCAACAACCA,13,45
ACATTGGCAACCGAGA,14,45
ACATTGGCAACGCTTA,15,45
ACATTGGCAAGACGGA,16,45
ACATTGGCAAGGTACA,17,45
ACATTGGCACACAGAA,18,45
ACATTGGCACAGCAGA,19,45
ACATTGGCACCTCCAA,20,45
ACATTGGCACGCTCGA,21,45
ACATTGGCACGTATCA,22,45
ACATTGGCACTATGCA,23,45
ACATTGGCAGAGTCAA,24,45
ACATTGGCAGATCGCA,25,45
ACATTGGCAGCAGGAA,26,45
ACATTGGCAGTCACTA,27,45
ACATTGGCATCCTGTA,28,45
ACATTGGCATTGAGGA,29,45
ACATTGGCCAACCACA,30,45
ACATTGGCGACTAGTA,31,45
ACATTGGCCAATGGAA,32,45
ACATTGGCCACTTCGA,33,45
ACATTGGCCAGCGTTA,34,45
ACATTGGCCATACCAA,35,45
ACATTGGCCCAGTTCA,36,45
ACATTGGCCCGAAGTA,37,45
ACATTGGCCCGTGAGA,38,45
ACATTGGCCCTCCTGA,39,45
ACATTGGCCGAACTTA,40,45
ACATTGGCCGACTGGA,41,45
ACATTGGCCGCATACA,42,45
ACATTGGCCTCAATGA,43,45
ACATTGGCCTGAGCCA,44,45
ACATTGGCCTGGCATA,45,45
ACATTGGCGAATCTGA,46,45
ACATTGGCCAAGACTA,47,45
ACATTGGCGAGCTGAA,48,45
ACATTGGCGATAGACA,49,45
ACATTGGCGCCACATA,50,45
CAGATCTGAACGTGAT,1,44
CAGATCTGAAACATCG,2,44
CAGATCTGATGCCTAA,3,44
CAGATCTGAGTGGTCA,4,44
CAGATCTGACCACTGT,5,44
CAGATCTGACATTGGC,6,44
CAGATCTGCAGATCTG,7,44
CAGATCTGCATCAAGT,8,44
CAGATCTGCGCTGATC,9,44
CAGATCTGACAAGCTA,10,44
CAGATCTGCTGTAGCC,11,44
CAGATCTGAGTACAAG,12,44
CAGATCTGAACAACCA,13,44
CAGATCTGAACCGAGA,14,44
CAGATCTGAACGCTTA,15,44
CAGATCTGAAGACGGA,16,44
CAGATCTGAAGGTACA,17,44
CAGATCTGACACAGAA,18,44
CAGATCTGACAGCAGA,19,44
CAGATCTGACCTCCAA,20,44
CAGATCTGACGCTCGA,21,44
CAGATCTGACGTATCA,22,44
CAGATCTGACTATGCA,23,44
CAGATCTGAGAGTCAA,24,44
CAGATCTGAGATCGCA,25,44
CAGATCTGAGCAGGAA,26,44
CAGATCTGAGTCACTA,27,44
CAGATCTGATCCTGTA,28,44
CAGATCTGATTGAGGA,29,44
CAGATCTGCAACCACA,30,44
CAGATCTGGACTAGTA,31,44
CAGATCTGCAATGGAA,32,44
CAGATCTGCACTTCGA,33,44
CAGATCTGCAGCGTTA,34,44
CAGATCTGCATACCAA,35,44
CAGATCTGCCAGTTCA,36,44
CAGATCTGCCGAAGTA,37,44
CAGATCTGCCGTGAGA,38,44
CAGATCTGCCTCCTGA,39,44
CAGATCTGCGAACTTA,40,44
CAGATCTGCGACTGGA,41,44
CAGATCTGCGCATACA,42,44
CAGATCTGCTCAATGA,43,44
CAGATCTGCTGAGCCA,44,44
CAGATCTGCTGGCATA,45,44
CAGATCTGGAATCTGA,46,44
CAGATCTGCAAGACTA,47,44
CAGATCTGGAGCTGAA,48,44
CAGATCTGGATAGACA,49,44
CAGATCTGGCCACATA,50,44
CATCAAGTAACGTGAT,1,43
CATCAAGTAAACATCG,2,43
CATCAAGTATGCCTAA,3,43
CATCAAGTAGTGGTCA,4,43
CATCAAGTACCACTGT,5,43
CATCAAGTACATTGGC,6,43
CATCAAGTCAGATCTG,7,43
CATCAAGTCATCAAGT,8,43
CATCAAGTCGCTGATC,9,43
CATCAAGTACAAGCTA,10,43
CATCAAGTCTGTAGCC,11,43
CATCAAGTAGTACAAG,12,43
CATCAAGTAACAACCA,13,43
CATCAAGTAACCGAGA,14,43
CATCAAGTAACGCTTA,15,43
CATCAAGTAAGACGGA,16,43
CATCAAGTAAGGTACA,17,43
CATCAAGTACACAGAA,18,43
CATCAAGTACAGCAGA,19,43
CATCAAGTACCTCCAA,20,43
CATCAAGTACGCTCGA,21,43
CATCAAGTACGTATCA,22,43
CATCAAGTACTATGCA,23,43
CATCAAGTAGAGTCAA,24,43
CATCAAGTAGATCGCA,25,43
CATCAAGTAGCAGGAA,26,43
CATCAAGTAGTCACTA,27,43
CATCAAGTATCCTGTA,28,43
CATCAAGTATTGAGGA,29,43
CATCAAGTCAACCACA,30,43
CATCAAGTGACTAGTA,31,43
CATCAAGTCAATGGAA,32,43
CATCAAGTCACTTCGA,33,43
CATCAAGTCAGCGTTA,34,43
CATCAAGTCATACCAA,35,43
CATCAAGTCCAGTTCA,36,43
CATCAAGTCCGAAGTA,37,43
CATCAAGTCCGTGAGA,38,43
CATCAAGTCCTCCTGA,39,43
CATCAAGTCGAACTTA,40,43
CATCAAGTCGACTGGA,41,43
CATCAAGTCGCATACA,42,43
CATCAAGTCTCAATGA,43,43
CATCAAGTCTGAGCCA,44,43
CATCAAGTCTGGCATA,45,43
CATCAAGTGAATCTGA,46,43
CATCAAGTCAAGACTA,47,43
CATCAAGTGAGCTGAA,48,43
CATCAAGTGATAGACA,49,43
CATCAAGTGCCACATA,50,43
CGCTGATCAACGTGAT,1,42
CGCTGATCAAACATCG,2,42
CGCTGATCATGCCTAA,3,42
CGCTGATCAGTGGTCA,4,42
CGCTGATCACCACTGT,5,42
CGCTGATCACATTGGC,6,42
CGCTGATCCAGATCTG,7,42
CGCTGATCCATCAAGT,8,42
CGCTGATCCGCTGATC,9,42
CGCTGATCACAAGCTA,10,42
CGCTGATCCTGTAGCC,11,42
CGCTGATCAGTACAAG,12,42
CGCTGATCAACAACCA,13,42
CGCTGATCAACCGAGA,14,42
CGCTGATCAACGCTTA,15,42
CGCTGATCAAGACGGA,16,42
CGCTGATCAAGGTACA,17,42
CGCTGATCACACAGAA,18,42
CGCTGATCACAGCAGA,19,42
CGCTGATCACCTCCAA,20,42
CGCTGATCACGCTCGA,21,42
CGCTGATCACGTATCA,22,42
CGCTGATCACTATGCA,23,42
CGCTGATCAGAGTCAA,24,42
CGCTGATCAGATCGCA,25,42
CGCTGATCAGCAGGAA,26,42
CGCTGATCAGTCACTA,27,42
CGCTGATCATCCTGTA,28,42
CGCTGATCATTGAGGA,29,42
CGCTGATCCAACCACA,30,42
CGCTGATCGACTAGTA,31,42
CGCTGATCCAATGGAA,32,42
CGCTGATCCACTTCGA,33,42
CGCTGATCCAGCGTTA,34,42
CGCTGATCCATACCAA,35,42
CGCTGATCCCAGTTCA,36,42
CGCTGATCCCGAAGTA,37,42
CGCTGATCCCGTGAGA,38,42
CGCTGATCCCTCCTGA,39,42
CGCTGATCCGAACTTA,40,42
CGCTGATCCGACTGGA,41,42
CGCTGATCCGCATACA,42,42
CGCTGATCCTCAATGA,43,42
CGCTGATCCTGAGCCA,44,42
CGCTGATCCTGGCATA,45,42
CGCTGATCGAATCTGA,46,42
CGCTGATCCAAGACTA,47,42
CGCTGATCGAGCTGAA,48,42
CGCTGATCGATAGACA,49,42
CGCTGATCGCCACATA,50,42
ACAAGCTAAACGTGAT,1,41
ACAAGCTAAAACATCG,2,41
ACAAGCTAATGCCTAA,3,41
ACAAGCTAAGTGGTCA,4,41
ACAAGCTAACCACTGT,5,41
ACAAGCTAACATTGGC,6,41
ACAAGCTACAGATCTG,7,41
ACAAGCTACATCAAGT,8,41
ACAAGCTACGCTGATC,9,41
ACAAGCTAACAAGCTA,10,41
ACAAGCTACTGTAGCC,11,41
ACAAGCTAAGTACAAG,12,41
ACAAGCTAAACAACCA,13,41
ACAAGCTAAACCGAGA,14,41
ACAAGCTAAACGCTTA,15,41
ACAAGCTAAAGACGGA,16,41
ACAAGCTAAAGGTACA,17,41
ACAAGCTAACACAGAA,18,41
ACAAGCTAACAGCAGA,19,41
ACAAGCTAACCTCCAA,20,41
ACAAGCTAACGCTCGA,21,41
ACAAGCTAACGTATCA,22,41
ACAAGCTAACTATGCA,23,41
ACAAGCTAAGAGTCAA,24,41
ACAAGCTAAGATCGCA,25,41
ACAAGCTAAGCAGGAA,26,41
ACAAGCTAAGTCACTA,27,41
ACAAGCTAATCCTGTA,28,41
ACAAGCTAATTGAGGA,29,41
ACAAGCTACAACCACA,30,41
ACAAGCTAGACTAGTA,31,41
ACAAGCTACAATGGAA,32,41
ACAAGCTACACTTCGA,33,41
ACAAGCTACAGCGTTA,34,41
ACAAGCTACATACCAA,35,41
ACAAGCTACCAGTTCA,36,41
ACAAGCTACCGAAGTA,37,41
ACAAGCTACCGTGAGA,38,41
ACAAGCTACCTCCTGA,39,41
ACAAGCTACGAACTTA,40,41
ACAAGCTACGACTGGA,41,41
ACAAGCTACGCATACA,42,41
ACAAGCTACTCAATGA,43,41
ACAAGCTACTGAGCCA,44,41
ACAAGCTACTGGCATA,45,41
ACAAGCTAGAATCTGA,46,41
ACAAGCTACAAGACTA,47,41
ACAAGCTAGAGCTGAA,48,41
ACAAGCTAGATAGACA,49,41
ACAAGCTAGCCACATA,50,41
CTGTAGCCAACGTGAT,1,40
CTGTAGCCAAACATCG,2,40
CTGTAGCCATGCCTAA,3,40
CTGTAGCCAGTGGTCA,4,40
CTGTAGCCACCACTGT,5,40
CTGTAGCCACATTGGC,6,40
CTGTAGCCCAGATCTG,7,40
CTGTAGCCCATCAAGT,8,40
CTGTAGCCCGCTGATC,9,40
CTGTAGCCACAAGCTA,10,40
CTGTAGCCCTGTAGCC,11,40
CTGTAGCCAGTACAAG,12,40
CTGTAGCCAACAACCA,13,40
CTGTAGCCAACCGAGA,14,40
CTGTAGCCAACGCTTA,15,40
CTGTAGCCAAGACGGA,16,40
CTGTAGCCAAGGTACA,17,40
CTGTAGCCACACAGAA,18,40
CTGTAGCCACAGCAGA,19,40
CTGTAGCCACCTCCAA,20,40
CTGTAGCCACGCTCGA,21,40
CTGTAGCCACGTATCA,22,40
CTGTAGCCACTATGCA,23,40
CTGTAGCCAGAGTCAA,24,40
CTGTAGCCAGATCGCA,25,40
CTGTAGCCAGCAGGAA,26,40
CTGTAGCCAGTCACTA,27,40
CTGTAGCCATCCTGTA,28,40
CTGTAGCCATTGAGGA,29,40
CTGTAGCCCAACCACA,30,40
CTGTAGCCGACTAGTA,31,40
CTGTAGCCCAATGGAA,32,40
CTGTAGCCCACTTCGA,33,40
CTGTAGCCCAGCGTTA,34,40
CTGTAGCCCATACCAA,35,40
CTGTAGCCCCAGTTCA,36,40
CTGTAGCCCCGAAGTA,37,40
CTGTAGCCCCGTGAGA,38,40
CTGTAGCCCCTCCTGA,39,40
CTGTAGCCCGAACTTA,40,40
CTGTAGCCCGACTGGA,41,40
CTGTAGCCCGCATACA,42,40
CTGTAGCCCTCAATGA,43,40
CTGTAGCCCTGAGCCA,44,40
CTGTAGCCCTGGCATA,45,40
CTGTAGCCGAATCTGA,46,40
CTGTAGCCCAAGACTA,47,40
CTGTAGCCGAGCTGAA,48,40
CTGTAGCCGATAGACA,49,40
CTGTAGCCGCCACATA,50,40
AGTACAAGAACGTGAT,1,39
AGTACAAGAAACATCG,2,39
AGTACAAGATGCCTAA,3,39
AGTACAAGAGTGGTCA,4,39
AGTACAAGACCACTGT,5,39
AGTACAAGACATTGGC,6,39
AGTACAAGCAGATCTG,7,39
AGTACAAGCATCAAGT,8,39
AGTACAAGCGCTGATC,9,39
AGTACAAGACAAGCTA,10,39
AGTACAAGCTGTAGCC,11,39
AGTACAAGAGTACAAG,12,39
AGTACAAGAACAACCA,13,39
AGTACAAGAACCGAGA,14,39
AGTACAAGAACGCTTA,15,39
AGTACAAGAAGACGGA,16,39
AGTACAAGAAGGTACA,17,39
AGTACAAGACACAGAA,18,39
AGTACAAGACAGCAGA,19,39
AGTACAAGACCTCCAA,20,39
AGTACAAGACGCTCGA,21,39
AGTACAAGACGTATCA,22,39
AGTACAAGACTATGCA,23,39
AGTACAAGAGAGTCAA,24,39
AGTACAAGAGATCGCA,25,39
AGTACAAGAGCAGGAA,26,39
AGTACAAGAGTCACTA,27,39
AGTACAAGATCCTGTA,28,39
AGTACAAGATTGAGGA,29,39
AGTACAAGCAACCACA,30,39
AGTACAAGGACTAGTA,31,39
AGTACAAGCAATGGAA,32,39
AGTACAAGCACTTCGA,33,39
AGTACAAGCAGCGTTA,34,39
AGTACAAGCATACCAA,35,39
AGTACAAGCCAGTTCA,36,39
AGTACAAGCCGAAGTA,37,39
AGTACAAGCCGTGAGA,38,39
AGTACAAGCCTCCTGA,39,39
AGTACAAGCGAACTTA,40,39
AGTACAAGCGACTGGA,41,39
AGTACAAGCGCATACA,42,39
AGTACAAGCTCAATGA,43,39
AGTACAAGCTGAGCCA,44,39
AGTACAAGCTGGCATA,45,39
AGTACAAGGAATCTGA,46,39
AGTACAAGCAAGACTA,47,39
AGTACAAGGAGCTGAA,48,39
AGTACAAGGATAGACA,49,39
AGTACAAGGCCACATA,50,39
AACAACCAAACGTGAT,1,38
AACAACCAAAACATCG,2,38
AACAACCAATGCCTAA,3,38
AACAACCAAGTGGTCA,4,38
AACAACCAACCACTGT,5,38
AACAACCAACATTGGC,6,38
AACAACCACAGATCTG,7,38
AACAACCACATCAAGT,8,38
AACAACCACGCTGATC,9,38
AACAACCAACAAGCTA,10,38
AACAACCACTGTAGCC,11,38
AACAACCAAGTACAAG,12,38
AACAACCAAACAACCA,13,38
AACAACCAAACCGAGA,14,38
AACAACCAAACGCTTA,15,38
AACAACCAAAGACGGA,16,38
AACAACCAAAGGTACA,17,38
AACAACCAACACAGAA,18,38
AACAACCAACAGCAGA,19,38
AACAACCAACCTCCAA,20,38
AACAACCAACGCTCGA,21,38
AACAACCAACGTATCA,22,38
AACAACCAACTATGCA,23,38
AACAACCAAGAGTCAA,24,38
AACAACCAAGATCGCA,25,38
AACAACCAAGCAGGAA,26,38
AACAACCAAGTCACTA,27,38
AACAACCAATCCTGTA,28,38
AACAACCAATTGAGGA,29,38
AACAACCACAACCACA,30,38
AACAACCAGACTAGTA,31,38
AACAACCACAATGGAA,32,38
AACAACCACACTTCGA,33,38
AACAACCACAGCGTTA,34,38
AACAACCACATACCAA,35,38
AACAACCACCAGTTCA,36,38
AACAACCACCGAAGTA,37,38
AACAACCACCGTGAGA,38,38
AACAACCACCTCCTGA,39,38
AACAACCACGAACTTA,40,38
AACAACCACGACTGGA,41,38
AACAACCACGCATACA,42,38
AACAACCACTCAATGA,43,38
AACAACCACTGAGCCA,44,38
AACAACCACTGGCATA,45,38
AACAACCAGAATCTGA,46,38
AACAACCACAAGACTA,47,38
AACAACCAGAGCTGAA,48,38
AACAACCAGATAGACA,49,38
AACAACCAGCCACATA,50,38
AACCGAGAAACGTGAT,1,37
AACCGAGAAAACATCG,2,37
AACCGAGAATGCCTAA,3,37
AACCGAGAAGTGGTCA,4,37
AACCGAGAACCACTGT,5,37
AACCGAGAACATTGGC,6,37
AACCGAGACAGATCTG,7,37
AACCGAGACATCAAGT,8,37
AACCGAGACGCTGATC,9,37
AACCGAGAACAAGCTA,10,37
AACCGAGACTGTAGCC,11,37
AACCGAGAAGTACAAG,12,37
AACCGAGAAACAACCA,13,37
AACCGAGAAACCGAGA,14,37
AACCGAGAAACGCTTA,15,37
AACCGAGAAAGACGGA,16,37
AACCGAGAAAGGTACA,17,37
AACCGAGAACACAGAA,18,37
AACCGAGAACAGCAGA,19,37
AACCGAGAACCTCCAA,20,37
AACCGAGAACGCTCGA,21,37
AACCGAGAACGTATCA,22,37
AACCGAGAACTATGCA,23,37
AACCGAGAAGAGTCAA,24,37
AACCGAGAAGATCGCA,25,37
AACCGAGAAGCAGGAA,26,37
AACCGAGAAGTCACTA,27,37
AACCGAGAATCCTGTA,28,37
AACCGAGAATTGAGGA,29,37
AACCGAGACAACCACA,30,37
AACCGAGAGACTAGTA,31,37
AACCGAGACAATGGAA,32,37
AACCGAGACACTTCGA,33,37
AACCGAGACAGCGTTA,34,37
AACCGAGACATACCAA,35,37
AACCGAGACCAGTTCA,36,37
AACCGAGACCGAAGTA,37,37
AACCGAGACCGTGAGA,38,37
AACCGAGACCTCCTGA,39,37
AACCGAGACGAACTTA,40,37
AACCGAGACGACTGGA,41,37
AACCGAGACGCATACA,42,37
AACCGAGACTCAATGA,43,37
AACCGAGACTGAGCCA,44,37
AACCGAGACTGGCATA,45,37
AACCGAGAGAATCTGA,46,37
AACCGAGACAAGACTA,47,37
AACCGAGAGAGCTGAA,48,37
AACCGAGAGATAGACA,49,37
AACCGAGAGCCACATA,50,37
AACGCTTAAACGTGAT,1,36
AACGCTTAAAACATCG,2,36
AACGCTTAATGCCTAA,3,36
AACGCTTAAGTGGTCA,4,36
AACGCTTAACCACTGT,5,36
AACGCTTAACATTGGC,6,36
AACGCTTACAGATCTG,7,36
AACGCTTACATCAAGT,8,36
AACGCTTACGCTGATC,9,36
AACGCTTAACAAGCTA,10,36
AACGCTTACTGTAGCC,11,36
AACGCTTAAGTACAAG,12,36
AACGCTTAAACAACCA,13,36
AACGCTTAAACCGAGA,14,36
AACGCTTAAACGCTTA,15,36
AACGCTTAAAGACGGA,16,36
AACGCTTAAAGGTACA,17,36
AACGCTTAACACAGAA,18,36
AACGCTTAACAGCAGA,19,36
AACGCTTAACCTCCAA,20,36
AACGCTTAACGCTCGA,21,36
AACGCTTAACGTATCA,22,36
AACGCTTAACTATGCA,23,36
AACGCTTAAGAGTCAA,24,36
AACGCTTAAGATCGCA,25,36
AACGCTTAAGCAGGAA,26,36
AACGCTTAAGTCACTA,27,36
AACGCTTAATCCTGTA,28,36
AACGCTTAATTGAGGA,29,36
AACGCTTACAACCACA,30,36
AACGCTTAGACTAGTA,31,36
AACGCTTACAATGGAA,32,36
AACGCTTACACTTCGA,33,36
AACGCTTACAGCGTTA,34,36
AACGCTTACATACCAA,35,36
AACGCTTACCAGTTCA,36,36
AACGCTTACCGAAGTA,37,36
AACGCTTACCGTGAGA,38,36
AACGCTTACCTCCTGA,39,36
AACGCTTACGAACTTA,40,36
AACGCTTACGACTGGA,41,36
AACGCTTACGCATACA,42,36
AACGCTTACTCAATGA,43,36
AACGCTTACTGAGCCA,44,36
AACGCTTACTGGCATA,45,36
AACGCTTAGAATCTGA,46,36
AACGCTTACAAGACTA,47,36
AACGCTTAGAGCTGAA,48,36
AACGCTTAGATAGACA,49,36
AACGCTTAGCCACATA,50,36
AAGACGGAAACGTGAT,1,35
AAGACGGAAAACATCG,2,35
AAGACGGAATGCCTAA,3,35
AAGACGGAAGTGGTCA,4,35
AAGACGGAACCACTGT,5,35
AAGACGGAACATTGGC,6,35
AAGACGGACAGATCTG,7,35
AAGACGGACATCAAGT,8,35
AAGACGGACGCTGATC,9,35
AAGACGGAACAAGCTA,10,35
AAGACGGACTGTAGCC,11,35
AAGACGGAAGTACAAG,12,35
AAGACGGAAACAACCA,13,35
AAGACGGAAACCGAGA,14,35
AAGACGGAAACGCTTA,15,35
AAGACGGAAAGACGGA,16,35
AAGACGGAAAGGTACA,17,35
AAGACGGAACACAGAA,18,35
AAGACGGAACAGCAGA,19,35
AAGACGGAACCTCCAA,20,35
AAGACGGAACGCTCGA,21,35
AAGACGGAACGTATCA,22,35
AAGACGGAACTATGCA,23,35
AAGACGGAAGAGTCAA,24,35
AAGACGGAAGATCGCA,25,35
AAGACGGAAGCAGGAA,26,35
AAGACGGAAGTCACTA,27,35
AAGACGGAATCCTGTA,28,35
AAGACGGAATTGAGGA,29,35
AAGACGGACAACCACA,30,35
AAGACGGAGACTAGTA,31,35
AAGACGGACAATGGAA,32,35
AAGACGGACACTTCGA,33,35
AAGACGGACAGCGTTA,34,35
AAGACGGACATACCAA,35,35
AAGACGGACCAGTTCA,36,35
AAGACGGACCGAAGTA,37,35
AAGACGGACCGTGAGA,38,35
AAGACGGACCTCCTGA,39,35
AAGACGGACGAACTTA,40,35
AAGACGGACGACTGGA,41,35
AAGACGGACGCATACA,42,35
AAGACGGACTCAATGA,43,35
AAGACGGACTGAGCCA,44,35
AAGACGGACTGGCATA,45,35
AAGACGGAGAATCTGA,46,35
AAGACGGACAAGACTA,47,35
AAGACGGAGAGCTGAA,48,35
AAGACGGAGATAGACA,49,35
AAGACGGAGCCACATA,50,35
AAGGTACAAACGTGAT,1,34
AAGGTACAAAACATCG,2,34
AAGGTACAATGCCTAA,3,34
AAGGTACAAGTGGTCA,4,34
AAGGTACAACCACTGT,5,34
AAGGTACAACATTGGC,6,34
AAGGTACACAGATCTG,7,34
AAGGTACACATCAAGT,8,34
AAGGTACACGCTGATC,9,34
AAGGTACAACAAGCTA,10,34
AAGGTACACTGTAGCC,11,34
AAGGTACAAGTACAAG,12,34
AAGGTACAAACAACCA,13,34
AAGGTACAAACCGAGA,14,34
AAGGTACAAACGCTTA,15,34
AAGGTACAAAGACGGA,16,34
AAGGTACAAAGGTACA,17,34
AAGGTACAACACAGAA,18,34
AAGGTACAACAGCAGA,19,34
AAGGTACAACCTCCAA,20,34
AAGGTACAACGCTCGA,21,34
AAGGTACAACGTATCA,22,34
AAGGTACAACTATGCA,23,34
AAGGTACAAGAGTCAA,24,34
AAGGTACAAGATCGCA,25,34
AAGGTACAAGCAGGAA,26,34
AAGGTACAAGTCACTA,27,34
AAGGTACAATCCTGTA,28,34
AAGGTACAATTGAGGA,29,34
AAGGTACACAACCACA,30,34
AAGGTACAGACTAGTA,31,34
AAGGTACACAATGGAA,32,34
AAGGTACACACTTCGA,33,34
AAGGTACACAGCGTTA,34,34
AAGGTACACATACCAA,35,34
AAGGTACACCAGTTCA,36,34
AAGGTACACCGAAGTA,37,34
AAGGTACACCGTGAGA,38,34
AAGGTACACCTCCTGA,39,34
AAGGTACACGAACTTA,40,34
AAGGTACACGACTGGA,41,34
AAGGTACACGCATACA,42,34
AAGGTACACTCAATGA,43,34
AAGGTACACTGAGCCA,44,34
AAGGTACACTGGCATA,45,34
AAGGTACAGAATCTGA,46,34
AAGGTACACAAGACTA,47,34
AAGGTACAGAGCTGAA,48,34
AAGGTACAGATAGACA,49,34
AAGGTACAGCCACATA,50,34
ACACAGAAAACGTGAT,1,33
ACACAGAAAAACATCG,2,33
ACACAGAAATGCCTAA,3,33
ACACAGAAAGTGGTCA,4,33
ACACAGAAACCACTGT,5,33
ACACAGAAACATTGGC,6,33
ACACAGAACAGATCTG,7,33
ACACAGAACATCAAGT,8,33
ACACAGAACGCTGATC,9,33
ACACAGAAACAAGCTA,10,33
ACACAGAACTGTAGCC,11,33
ACACAGAAAGTACAAG,12,33
ACACAGAAAACAACCA,13,33
ACACAGAAAACCGAGA,14,33
ACACAGAAAACGCTTA,15,33
ACACAGAAAAGACGGA,16,33
ACACAGAAAAGGTACA,17,33
ACACAGAAACACAGAA,18,33
ACACAGAAACAGCAGA,19,33
ACACAGAAACCTCCAA,20,33
ACACAGAAACGCTCGA,21,33
ACACAGAAACGTATCA,22,33
ACACAGAAACTATGCA,23,33
ACACAGAAAGAGTCAA,24,33
ACACAGAAAGATCGCA,25,33
ACACAGAAAGCAGGAA,26,33
ACACAGAAAGTCACTA,27,33
ACACAGAAATCCTGTA,28,33
ACACAGAAATTGAGGA,29,33
ACACAGAACAACCACA,30,33
ACACAGAAGACTAGTA,31,33
ACACAGAACAATGGAA,32,33
ACACAGAACACTTCGA,33,33
ACACAGAACAGCGTTA,34,33
ACACAGAACATACCAA,35,33
ACACAGAACCAGTTCA,36,33
ACACAGAACCGAAGTA,37,33
ACACAGAACCGTGAGA,38,33
ACACAGAACCTCCTGA,39,33
ACACAGAACGAACTTA,40,33
ACACAGAACGACTGGA,41,33
ACACAGAACGCATACA,42,33
ACACAGAACTCAATGA,43,33
ACACAGAACTGAGCCA,44,33
ACACAGAACTGGCATA,45,33
ACACAGAAGAATCTGA,46,33
ACACAGAACAAGACTA,47,33
ACACAGAAGAGCTGAA,48,33
ACACAGAAGATAGACA,49,33
ACACAGAAGCCACATA,50,33
ACAGCAGAAACGTGAT,1,32
ACAGCAGAAAACATCG,2,32
ACAGCAGAATGCCTAA,3,32
ACAGCAGAAGTGGTCA,4,32
ACAGCAGAACCACTGT,5,32
ACAGCAGAACATTGGC,6,32
ACAGCAGACAGATCTG,7,32
ACAGCAGACATCAAGT,8,32
ACAGCAGACGCTGATC,9,32
ACAGCAGAACAAGCTA,10,32
ACAGCAGACTGTAGCC,11,32
ACAGCAGAAGTACAAG,12,32
ACAGCAGAAACAACCA,13,32
ACAGCAGAAACCGAGA,14,32
ACAGCAGAAACGCTTA,15,32
ACAGCAGAAAGACGGA,16,32
ACAGCAGAAAGGTACA,17,32
ACAGCAGAACACAGAA,18,32
ACAGCAGAACAGCAGA,19,32
ACAGCAGAACCTCCAA,20,32
ACAGCAGAACGCTCGA,21,32
ACAGCAGAACGTATCA,22,32
ACAGCAGAACTATGCA,23,32
ACAGCAGAAGAGTCAA,24,32
ACAGCAGAAGATCGCA,25,32
ACAGCAGAAGCAGGAA,26,32
ACAGCAGAAGTCACTA,27,32
ACAGCAGAATCCTGTA,28,32
ACAGCAGAATTGAGGA,29,32
ACAGCAGACAACCACA,30,32
ACAGCAGAGACTAGTA,31,32
ACAGCAGACAATGGAA,32,32
ACAGCAGACACTTCGA,33,32
ACAGCAGACAGCGTTA,34,32
ACAGCAGACATACCAA,35,32
ACAGCAGACCAGTTCA,36,32
ACAGCAGACCGAAGTA,37,32
ACAGCAGACCGTGAGA,38,32
ACAGCAGACCTCCTGA,39,32
ACAGCAGACGAACTTA,40,32
ACAGCAGACGACTGGA,41,32
ACAGCAGACGCATACA,42,32
ACAGCAGACTCAATGA,43,32
ACAGCAGACTGAGCCA,44,32
ACAGCAGACTGGCATA,45,32
ACAGCAGAGAATCTGA,46,32
ACAGCAGACAAGACTA,47,32
ACAGCAGAGAGCTGAA,48,32
ACAGCAGAGATAGACA,49,32
ACAGCAGAGCCACATA,50,32
ACCTCCAAAACGTGAT,1,31
ACCTCCAAAAACATCG,2,31
ACCTCCAAATGCCTAA,3,31
ACCTCCAAAGTGGTCA,4,31
ACCTCCAAACCACTGT,5,31
ACCTCCAAACATTGGC,6,31
ACCTCCAACAGATCTG,7,31
ACCTCCAACATCAAGT,8,31
ACCTCCAACGCTGATC,9,31
ACCTCCAAACAAGCTA,10,31
ACCTCCAACTGTAGCC,11,31
ACCTCCAAAGTACAAG,12,31
ACCTCCAAAACAACCA,13,31
ACCTCCAAAACCGAGA,14,31
ACCTCCAAAACGCTTA,15,31
ACCTCCAAAAGACGGA,16,31
ACCTCCAAAAGGTACA,17,31
ACCTCCAAACACAGAA,18,31
ACCTCCAAACAGCAGA,19,31
ACCTCCAAACCTCCAA,20,31
ACCTCCAAACGCTCGA,21,31
ACCTCCAAACGTATCA,22,31
ACCTCCAAACTATGCA,23,31
ACCTCCAAAGAGTCAA,24,31
ACCTCCAAAGATCGCA,25,31
ACCTCCAAAGCAGGAA,26,31
ACCTCCAAAGTCACTA,27,31
ACCTCCAAATCCTGTA,28,31
ACCTCCAAATTGAGGA,29,31
ACCTCCAACAACCACA,30,31
ACCTCCAAGACTAGTA,31,31
ACCTCCAACAATGGAA,32,31
ACCTCCAACACTTCGA,33,31
ACCTCCAACAGCGTTA,34,31
ACCTCCAACATACCAA,35,31
ACCTCCAACCAGTTCA,36,31
ACCTCCAACCGAAGTA,37,31
ACCTCCAACCGTGAGA,38,31
ACCTCCAACCTCCTGA,39,31
ACCTCCAACGAACTTA,40,31
ACCTCCAACGACTGGA,41,31
ACCTCCAACGCATACA,42,31
ACCTCCAACTCAATGA,43,31
ACCTCCAACTGAGCCA,44,31
ACCTCCAACTGGCATA,45,31
ACCTCCAAGAATCTGA,46,31
ACCTCCAACAAGACTA,47,31
ACCTCCAAGAGCTGAA,48,31
ACCTCCAAGATAGACA,49,31
ACCTCCAAGCCACATA,50,31
ACGCTCGAAACGTGAT,1,30
ACGCTCGAAAACATCG,2,30
ACGCTCGAATGCCTAA,3,30
ACGCTCGAAGTGGTCA,4,30
ACGCTCGAACCACTGT,5,30
ACGCTCGAACATTGGC,6,30
ACGCTCGACAGATCTG,7,30
ACGCTCGACATCAAGT,8,30
ACGCTCGACGCTGATC,9,30
ACGCTCGAACAAGCTA,10,30
ACGCTCGACTGTAGCC,11,30
ACGCTCGAAGTACAAG,12,30
ACGCTCGAAACAACCA,13,30
ACGCTCGAAACCGAGA,14,30
ACGCTCGAAACGCTTA,15,30
ACGCTCGAAAGACGGA,16,30
ACGCTCGAAAGGTACA,17,30
ACGCTCGAACACAGAA,18,30
ACGCTCGAACAGCAGA,19,30
ACGCTCGAACCTCCAA,20,30
ACGCTCGAACGCTCGA,21,30
ACGCTCGAACGTATCA,22,30
ACGCTCGAACTATGCA,23,30
ACGCTCGAAGAGTCAA,24,30
ACGCTCGAAGATCGCA,25,30
ACGCTCGAAGCAGGAA,26,30
ACGCTCGAAGTCACTA,27,30
ACGCTCGAATCCTGTA,28,30
ACGCTCGAATTGAGGA,29,30
ACGCTCGACAACCACA,30,30
ACGCTCGAGACTAGTA,31,30
ACGCTCGACAATGGAA,32,30
ACGCTCGACACTTCGA,33,30
ACGCTCGACAGCGTTA,34,30
ACGCTCGACATACCAA,35,30
ACGCTCGACCAGTTCA,36,30
ACGCTCGACCGAAGTA,37,30
ACGCTCGACCGTGAGA,38,30
ACGCTCGACCTCCTGA,39,30
ACGCTCGACGAACTTA,40,30
ACGCTCGACGACTGGA,41,30
ACGCTCGACGCATACA,42,30
ACGCTCGACTCAATGA,43,30
ACGCTCGACTGAGCCA,44,30
ACGCTCGACTGGCATA,45,30
ACGCTCGAGAATCTGA,46,30
ACGCTCGACAAGACTA,47,30
ACGCTCGAGAGCTGAA,48,30
ACGCTCGAGATAGACA,49,30
ACGCTCGAGCCACATA,50,30
ACGTATCAAACGTGAT,1,29
ACGTATCAAAACATCG,2,29
ACGTATCAATGCCTAA,3,29
ACGTATCAAGTGGTCA,4,29
ACGTATCAACCACTGT,5,29
ACGTATCAACATTGGC,6,29
ACGTATCACAGATCTG,7,29
ACGTATCACATCAAGT,8,29
ACGTATCACGCTGATC,9,29
ACGTATCAACAAGCTA,10,29
ACGTATCACTGTAGCC,11,29
ACGTATCAAGTACAAG,12,29
ACGTATCAAACAACCA,13,29
ACGTATCAAACCGAGA,14,29
ACGTATCAAACGCTTA,15,29
ACGTATCAAAGACGGA,16,29
ACGTATCAAAGGTACA,17,29
ACGTATCAACACAGAA,18,29
ACGTATCAACAGCAGA,19,29
ACGTATCAACCTCCAA,20,29
ACGTATCAACGCTCGA,21,29
ACGTATCAACGTATCA,22,29
ACGTATCAACTATGCA,23,29
ACGTATCAAGAGTCAA,24,29
ACGTATCAAGATCGCA,25,29
ACGTATCAAGCAGGAA,26,29
ACGTATCAAGTCACTA,27,29
ACGTATCAATCCTGTA,28,29
ACGTATCAATTGAGGA,29,29
ACGTATCACAACCACA,30,29
ACGTATCAGACTAGTA,31,29
ACGTATCACAATGGAA,32,29
ACGTATCACACTTCGA,33,29
ACGTATCACAGCGTTA,34,29
ACGTATCACATACCAA,35,29
ACGTATCACCAGTTCA,36,29
ACGTATCACCGAAGTA,37,29
ACGTATCACCGTGAGA,38,29
ACGTATCACCTCCTGA,39,29
ACGTATCACGAACTTA,40,29
ACGTATCACGACTGGA,41,29
ACGTATCACGCATACA,42,29
ACGTATCACTCAATGA,43,29
ACGTATCACTGAGCCA,44,29
ACGTATCACTGGCATA,45,29
ACGTATCAGAATCTGA,46,29
ACGTATCACAAGACTA,47,29
ACGTATCAGAGCTGAA,48,29
ACGTATCAGATAGACA,49,29
ACGTATCAGCCACATA,50,29
ACTATGCAAACGTGAT,1,28
ACTATGCAAAACATCG,2,28
ACTATGCAATGCCTAA,3,28
ACTATGCAAGTGGTCA,4,28
ACTATGCAACCACTGT,5,28
ACTATGCAACATTGGC,6,28
ACTATGCACAGATCTG,7,28
ACTATGCACATCAAGT,8,28
ACTATGCACGCTGATC,9,28
ACTATGCAACAAGCTA,10,28
ACTATGCACTGTAGCC,11,28
ACTATGCAAGTACAAG,12,28
ACTATGCAAACAACCA,13,28
ACTATGCAAACCGAGA,14,28
ACTATGCAAACGCTTA,15,28
ACTATGCAAAGACGGA,16,28
ACTATGCAAAGGTACA,17,28
ACTATGCAACACAGAA,18,28
ACTATGCAACAGCAGA,19,28
ACTATGCAACCTCCAA,20,28
ACTATGCAACGCTCGA,21,28
ACTATGCAACGTATCA,22,28
ACTATGCAACTATGCA,23,28
ACTATGCAAGAGTCAA,24,28
ACTATGCAAGATCGCA,25,28
ACTATGCAAGCAGGAA,26,28
ACTATGCAAGTCACTA,27,28
ACTATGCAATCCTGTA,28,28
ACTATGCAATTGAGGA,29,28
ACTATGCACAACCACA,30,28
ACTATGCAGACTAGTA,31,28
ACTATGCACAATGGAA,32,28
ACTATGCACACTTCGA,33,28
ACTATGCACAGCGTTA,34,28
ACTATGCACATACCAA,35,28
ACTATGCACCAGTTCA,36,28
ACTATGCACCGAAGTA,37,28
ACTATGCACCGTGAGA,38,28
ACTATGCACCTCCTGA,39,28
ACTATGCACGAACTTA,40,28
ACTATGCACGACTGGA,41,28
ACTATGCACGCATACA,42,28
ACTATGCACTCAATGA,43,28
ACTATGCACTGAGCCA,44,28
ACTATGCACTGGCATA,45,28
ACTATGCAGAATCTGA,46,28
ACTATGCACAAGACTA,47,28
ACTATGCAGAGCTGAA,48,28
ACTATGCAGATAGACA,49,28
ACTATGCAGCCACATA,50,28
AGAGTCAAAACGTGAT,1,27
AGAGTCAAAAACATCG,2,27
AGAGTCAAATGCCTAA,3,27
AGAGTCAAAGTGGTCA,4,27
AGAGTCAAACCACTGT,5,27
AGAGTCAAACATTGGC,6,27
AGAGTCAACAGATCTG,7,27
AGAGTCAACATCAAGT,8,27
AGAGTCAACGCTGATC,9,27
AGAGTCAAACAAGCTA,10,27
AGAGTCAACTGTAGCC,11,27
AGAGTCAAAGTACAAG,12,27
AGAGTCAAAACAACCA,13,27
AGAGTCAAAACCGAGA,14,27
AGAGTCAAAACGCTTA,15,27
AGAGTCAAAAGACGGA,16,27
AGAGTCAAAAGGTACA,17,27
AGAGTCAAACACAGAA,18,27
AGAGTCAAACAGCAGA,19,27
AGAGTCAAACCTCCAA,20,27
AGAGTCAAACGCTCGA,21,27
AGAGTCAAACGTATCA,22,27
AGAGTCAAACTATGCA,23,27
AGAGTCAAAGAGTCAA,24,27
AGAGTCAAAGATCGCA,25,27
AGAGTCAAAGCAGGAA,26,27
AGAGTCAAAGTCACTA,27,27
AGAGTCAAATCCTGTA,28,27
AGAGTCAAATTGAGGA,29,27
AGAGTCAACAACCACA,30,27
AGAGTCAAGACTAGTA,31,27
AGAGTCAACAATGGAA,32,27
AGAGTCAACACTTCGA,33,27
AGAGTCAACAGCGTTA,34,27
AGAGTCAACATACCAA,35,27
AGAGTCAACCAGTTCA,36,27
AGAGTCAACCGAAGTA,37,27
AGAGTCAACCGTGAGA,38,27
AGAGTCAACCTCCTGA,39,27
AGAGTCAACGAACTTA,40,27
AGAGTCAACGACTGGA,41,27
AGAGTCAACGCATACA,42,27
AGAGTCAACTCAATGA,43,27
AGAGTCAACTGAGCCA,44,27
AGAGTCAACTGGCATA,45,27
AGAGTCAAGAATCTGA,46,27
AGAGTCAACAAGACTA,47,27
AGAGTCAAGAGCTGAA,48,27
AGAGTCAAGATAGACA,49,27
AGAGTCAAGCCACATA,50,27
AGATCGCAAACGTGAT,1,26
AGATCGCAAAACATCG,2,26
AGATCGCAATGCCTAA,3,26
AGATCGCAAGTGGTCA,4,26
AGATCGCAACCACTGT,5,26
AGATCGCAACATTGGC,6,26
AGATCGCACAGATCTG,7,26
AGATCGCACATCAAGT,8,26
AGATCGCACGCTGATC,9,26
AGATCGCAACAAGCTA,10,26
AGATCGCACTGTAGCC,11,26
AGATCGCAAGTACAAG,12,26
AGATCGCAAACAACCA,13,26
AGATCGCAAACCGAGA,14,26
AGATCGCAAACGCTTA,15,26
AGATCGCAAAGACGGA,16,26
AGATCGCAAAGGTACA,17,26
AGATCGCAACACAGAA,18,26
AGATCGCAACAGCAGA,19,26
AGATCGCAACCTCCAA,20,26
AGATCGCAACGCTCGA,21,26
AGATCGCAACGTATCA,22,26
AGATCGCAACTATGCA,23,26
AGATCGCAAGAGTCAA,24,26
AGATCGCAAGATCGCA,25,26
AGATCGCAAGCAGGAA,26,26
AGATCGCAAGTCACTA,27,26
AGATCGCAATCCTGTA,28,26
AGATCGCAATTGAGGA,29,26
AGATCGCACAACCACA,30,26
AGATCGCAGACTAGTA,31,26
AGATCGCACAATGGAA,32,26
AGATCGCACACTTCGA,33,26
AGATCGCACAGCGTTA,34,26
AGATCGCACATACCAA,35,26
AGATCGCACCAGTTCA,36,26
AGATCGCACCGAAGTA,37,26
AGATCGCACCGTGAGA,38,26
AGATCGCACCTCCTGA,39,26
AGATCGCACGAACTTA,40,26
AGATCGCACGACTGGA,41,26
AGATCGCACGCATACA,42,26
AGATCGCACTCAATGA,43,26
AGATCGCACTGAGCCA,44,26
AGATCGCACTGGCATA,45,26
AGATCGCAGAATCTGA,46,26
AGATCGCACAAGACTA,47,26
AGATCGCAGAGCTGAA,48,26
AGATCGCAGATAGACA,49,26
AGATCGCAGCCACATA,50,26
AGCAGGAAAACGTGAT,1,25
AGCAGGAAAAACATCG,2,25
AGCAGGAAATGCCTAA,3,25
AGCAGGAAAGTGGTCA,4,25
AGCAGGAAACCACTGT,5,25
AGCAGGAAACATTGGC,6,25
AGCAGGAACAGATCTG,7,25
AGCAGGAACATCAAGT,8,25
AGCAGGAACGCTGATC,9,25
AGCAGGAAACAAGCTA,10,25
AGCAGGAACTGTAGCC,11,25
AGCAGGAAAGTACAAG,12,25
AGCAGGAAAACAACCA,13,25
AGCAGGAAAACCGAGA,14,25
AGCAGGAAAACGCTTA,15,25
AGCAGGAAAAGACGGA,16,25
AGCAGGAAAAGGTACA,17,25
AGCAGGAAACACAGAA,18,25
AGCAGGAAACAGCAGA,19,25
AGCAGGAAACCTCCAA,20,25
AGCAGGAAACGCTCGA,21,25
AGCAGGAAACGTATCA,22,25
AGCAGGAAACTATGCA,23,25
AGCAGGAAAGAGTCAA,24,25
AGCAGGAAAGATCGCA,25,25
AGCAGGAAAGCAGGAA,26,25
AGCAGGAAAGTCACTA,27,25
AGCAGGAAATCCTGTA,28,25
AGCAGGAAATTGAGGA,29,25
AGCAGGAACAACCACA,30,25
AGCAGGAAGACTAGTA,31,25
AGCAGGAACAATGGAA,32,25
AGCAGGAACACTTCGA,33,25
AGCAGGAACAGCGTTA,34,25
AGCAGGAACATACCAA,35,25
AGCAGGAACCAGTTCA,36,25
AGCAGGAACCGAAGTA,37,25
AGCAGGAACCGTGAGA,38,25
AGCAGGAACCTCCTGA,39,25
AGCAGGAACGAACTTA,40,25
AGCAGGAACGACTGGA,41,25
AGCAGGAACGCATACA,42,25
AGCAGGAACTCAATGA,43,25
AGCAGGAACTGAGCCA,44,25
AGCAGGAACTGGCATA,45,25
AGCAGGAAGAATCTGA,46,25
AGCAGGAACAAGACTA,47,25
AGCAGGAAGAGCTGAA,48,25
AGCAGGAAGATAGACA,49,25
AGCAGGAAGCCACATA,50,25
AGTCACTAAACGTGAT,1,24
AGTCACTAAAACATCG,2,24
AGTCACTAATGCCTAA,3,24
AGTCACTAAGTGGTCA,4,24
AGTCACTAACCACTGT,5,24
AGTCACTAACATTGGC,6,24
AGTCACTACAGATCTG,7,24
AGTCACTACATCAAGT,8,24
AGTCACTACGCTGATC,9,24
AGTCACTAACAAGCTA,10,24
AGTCACTACTGTAGCC,11,24
AGTCACTAAGTACAAG,12,24
AGTCACTAAACAACCA,13,24
AGTCACTAAACCGAGA,14,24
AGTCACTAAACGCTTA,15,24
AGTCACTAAAGACGGA,16,24
AGTCACTAAAGGTACA,17,24
AGTCACTAACACAGAA,18,24
AGTCACTAACAGCAGA,19,24
AGTCACTAACCTCCAA,20,24
AGTCACTAACGCTCGA,21,24
AGTCACTAACGTATCA,22,24
AGTCACTAACTATGCA,23,24
AGTCACTAAGAGTCAA,24,24
AGTCACTAAGATCGCA,25,24
AGTCACTAAGCAGGAA,26,24
AGTCACTAAGTCACTA,27,24
AGTCACTAATCCTGTA,28,24
AGTCACTAATTGAGGA,29,24
AGTCACTACAACCACA,30,24
AGTCACTAGACTAGTA,31,24
AGTCACTACAATGGAA,32,24
AGTCACTACACTTCGA,33,24
AGTCACTACAGCGTTA,34,24
AGTCACTACATACCAA,35,24
AGTCACTACCAGTTCA,36,24
AGTCACTACCGAAGTA,37,24
AGTCACTACCGTGAGA,38,24
AGTCACTACCTCCTGA,39,24
AGTCACTACGAACTTA,40,24
AGTCACTACGACTGGA,41,24
AGTCACTACGCATACA,42,24
AGTCACTACTCAATGA,43,24
AGTCACTACTGAGCCA,44,24
AGTCACTACTGGCATA,45,24
AGTCACTAGAATCTGA,46,24
AGTCACTACAAGACTA,47,24
AGTCACTAGAGCTGAA,48,24
AGTCACTAGATAGACA,49,24
AGTCACTAGCCACATA,50,24
ATCCTGTAAACGTGAT,1,23
ATCCTGTAAAACATCG,2,23
ATCCTGTAATGCCTAA,3,23
ATCCTGTAAGTGGTCA,4,23
ATCCTGTAACCACTGT,5,23
ATCCTGTAACATTGGC,6,23
ATCCTGTACAGATCTG,7,23
ATCCTGTACATCAAGT,8,23
ATCCTGTACGCTGATC,9,23
ATCCTGTAACAAGCTA,10,23
ATCCTGTACTGTAGCC,11,23
ATCCTGTAAGTACAAG,12,23
ATCCTGTAAACAACCA,13,23
ATCCTGTAAACCGAGA,14,23
ATCCTGTAAACGCTTA,15,23
ATCCTGTAAAGACGGA,16,23
ATCCTGTAAAGGTACA,17,23
ATCCTGTAACACAGAA,18,23
ATCCTGTAACAGCAGA,19,23
ATCCTGTAACCTCCAA,20,23
ATCCTGTAACGCTCGA,21,23
ATCCTGTAACGTATCA,22,23
ATCCTGTAACTATGCA,23,23
ATCCTGTAAGAGTCAA,24,23
ATCCTGTAAGATCGCA,25,23
ATCCTGTAAGCAGGAA,26,23
ATCCTGTAAGTCACTA,27,23
ATCCTGTAATCCTGTA,28,23
ATCCTGTAATTGAGGA,29,23
ATCCTGTACAACCACA,30,23
ATCCTGTAGACTAGTA,31,23
ATCCTGTACAATGGAA,32,23
ATCCTGTACACTTCGA,33,23
ATCCTGTACAGCGTTA,34,23
ATCCTGTACATACCAA,35,23
ATCCTGTACCAGTTCA,36,23
ATCCTGTACCGAAGTA,37,23
ATCCTGTACCGTGAGA,38,23
ATCCTGTACCTCCTGA,39,23
ATCCTGTACGAACTTA,40,23
ATCCTGTACGACTGGA,41,23
ATCCTGTACGCATACA,42,23
ATCCTGTACTCAATGA,43,23
ATCCTGTACTGAGCCA,44,23
ATCCTGTACTGGCATA,45,23
ATCCTGTAGAATCTGA,46,23
ATCCTGTACAAGACTA,47,23
ATCCTGTAGAGCTGAA,48,23
ATCCTGTAGATAGACA,49,23
ATCCTGTAGCCACATA,50,23
ATTGAGGAAACGTGAT,1,22
ATTGAGGAAAACATCG,2,22
ATTGAGGAATGCCTAA,3,22
ATTGAGGAAGTGGTCA,4,22
ATTGAGGAACCACTGT,5,22
ATTGAGGAACATTGGC,6,22
ATTGAGGACAGATCTG,7,22
ATTGAGGACATCAAGT,8,22
ATTGAGGACGCTGATC,9,22
ATTGAGGAACAAGCTA,10,22
ATTGAGGACTGTAGCC,11,22
ATTGAGGAAGTACAAG,12,22
ATTGAGGAAACAACCA,13,22
ATTGAGGAAACCGAGA,14,22
ATTGAGGAAACGCTTA,15,22
ATTGAGGAAAGACGGA,16,22
ATTGAGGAAAGGTACA,17,22
ATTGAGGAACACAGAA,18,22
ATTGAGGAACAGCAGA,19,22
ATTGAGGAACCTCCAA,20,22
ATTGAGGAACGCTCGA,21,22
ATTGAGGAACGTATCA,22,22
ATTGAGGAACTATGCA,23,22
ATTGAGGAAGAGTCAA,24,22
ATTGAGGAAGATCGCA,25,22
ATTGAGGAAGCAGGAA,26,22
ATTGAGGAAGTCACTA,27,22
ATTGAGGAATCCTGTA,28,22
ATTGAGGAATTGAGGA,29,22
ATTGAGGACAACCACA,30,22
ATTGAGGAGACTAGTA,31,22
ATTGAGGACAATGGAA,32,22
ATTGAGGACACTTCGA,33,22
ATTGAGGACAGCGTTA,34,22
ATTGAGGACATACCAA,35,22
ATTGAGGACCAGTTCA,36,22
ATTGAGGACCGAAGTA,37,22
ATTGAGGACCGTGAGA,38,22
ATTGAGGACCTCCTGA,39,22
ATTGAGGACGAACTTA,40,22
ATTGAGGACGACTGGA,41,22
ATTGAGGACGCATACA,42,22
ATTGAGGACTCAATGA,43,22
ATTGAGGACTGAGCCA,44,22
ATTGAGGACTGGCATA,45,22
ATTGAGGAGAATCTGA,46,22
ATTGAGGACAAGACTA,47,22
ATTGAGGAGAGCTGAA,48,22
ATTGAGGAGATAGACA,49,22
ATTGAGGAGCCACATA,50,22
CAACCACAAACGTGAT,1,21
CAACCACAAAACATCG,2,21
CAACCACAATGCCTAA,3,21
CAACCACAAGTGGTCA,4,21
CAACCACAACCACTGT,5,21
CAACCACAACATTGGC,6,21
CAACCACACAGATCTG,7,21
CAACCACACATCAAGT,8,21
CAACCACACGCTGATC,9,21
CAACCACAACAAGCTA,10,21
CAACCACACTGTAGCC,11,21
CAACCACAAGTACAAG,12,21
CAACCACAAACAACCA,13,21
CAACCACAAACCGAGA,14,21
CAACCACAAACGCTTA,15,21
CAACCACAAAGACGGA,16,21
CAACCACAAAGGTACA,17,21
CAACCACAACACAGAA,18,21
CAACCACAACAGCAGA,19,21
CAACCACAACCTCCAA,20,21
CAACCACAACGCTCGA,21,21
CAACCACAACGTATCA,22,21
CAACCACAACTATGCA,23,21
CAACCACAAGAGTCAA,24,21
CAACCACAAGATCGCA,25,21
CAACCACAAGCAGGAA,26,21
CAACCACAAGTCACTA,27,21
CAACCACAATCCTGTA,28,21
CAACCACAATTGAGGA,29,21
CAACCACACAACCACA,30,21
CAACCACAGACTAGTA,31,21
CAACCACACAATGGAA,32,21
CAACCACACACTTCGA,33,21
CAACCACACAGCGTTA,34,21
CAACCACACATACCAA,35,21
CAACCACACCAGTTCA,36,21
CAACCACACCGAAGTA,37,21
CAACCACACCGTGAGA,38,21
CAACCACACCTCCTGA,39,21
CAACCACACGAACTTA,40,21
CAACCACACGACTGGA,41,21
CAACCACACGCATACA,42,21
CAACCACACTCAATGA,43,21
CAACCACACTGAGCCA,44,21
CAACCACACTGGCATA,45,21
CAACCACAGAATCTGA,46,21
CAACCACACAAGACTA,47,21
CAACCACAGAGCTGAA,48,21
CAACCACAGATAGACA,49,21
CAACCACAGCCACATA,50,21
GACTAGTAAACGTGAT,1,20
GACTAGTAAAACATCG,2,20
GACTAGTAATGCCTAA,3,20
GACTAGTAAGTGGTCA,4,20
GACTAGTAACCACTGT,5,20
GACTAGTAACATTGGC,6,20
GACTAGTACAGATCTG,7,20
GACTAGTACATCAAGT,8,20
GACTAGTACGCTGATC,9,20
GACTAGTAACAAGCTA,10,20
GACTAGTACTGTAGCC,11,20
GACTAGTAAGTACAAG,12,20
GACTAGTAAACAACCA,13,20
GACTAGTAAACCGAGA,14,20
GACTAGTAAACGCTTA,15,20
GACTAGTAAAGACGGA,16,20
GACTAGTAAAGGTACA,17,20
GACTAGTAACACAGAA,18,20
GACTAGTAACAGCAGA,19,20
GACTAGTAACCTCCAA,20,20
GACTAGTAACGCTCGA,21,20
GACTAGTAACGTATCA,22,20
GACTAGTAACTATGCA,23,20
GACTAGTAAGAGTCAA,24,20
GACTAGTAAGATCGCA,25,20
GACTAGTAAGCAGGAA,26,20
GACTAGTAAGTCACTA,27,20
GACTAGTAATCCTGTA,28,20
GACTAGTAATTGAGGA,29,20
GACTAGTACAACCACA,30,20
GACTAGTAGACTAGTA,31,20
GACTAGTACAATGGAA,32,20
GACTAGTACACTTCGA,33,20
GACTAGTACAGCGTTA,34,20
GACTAGTACATACCAA,35,20
GACTAGTACCAGTTCA,36,20
GACTAGTACCGAAGTA,37,20
GACTAGTACCGTGAGA,38,20
GACTAGTACCTCCTGA,39,20
GACTAGTACGAACTTA,40,20
GACTAGTACGACTGGA,41,20
GACTAGTACGCATACA,42,20
GACTAGTACTCAATGA,43,20
GACTAGTACTGAGCCA,44,20
GACTAGTACTGGCATA,45,20
GACTAGTAGAATCTGA,46,20
GACTAGTACAAGACTA,47,20
GACTAGTAGAGCTGAA,48,20
GACTAGTAGATAGACA,49,20
GACTAGTAGCCACATA,50,20
CAATGGAAAACGTGAT,1,19
CAATGGAAAAACATCG,2,19
CAATGGAAATGCCTAA,3,19
CAATGGAAAGTGGTCA,4,19
CAATGGAAACCACTGT,5,19
CAATGGAAACATTGGC,6,19
CAATGGAACAGATCTG,7,19
CAATGGAACATCAAGT,8,19
CAATGGAACGCTGATC,9,19
CAATGGAAACAAGCTA,10,19
CAATGGAACTGTAGCC,11,19
CAATGGAAAGTACAAG,12,19
CAATGGAAAACAACCA,13,19
CAATGGAAAACCGAGA,14,19
CAATGGAAAACGCTTA,15,19
CAATGGAAAAGACGGA,16,19
CAATGGAAAAGGTACA,17,19
CAATGGAAACACAGAA,18,19
CAATGGAAACAGCAGA,19,19
CAATGGAAACCTCCAA,20,19
CAATGGAAACGCTCGA,21,19
CAATGGAAACGTATCA,22,19
CAATGGAAACTATGCA,23,19
CAATGGAAAGAGTCAA,24,19
CAATGGAAAGATCGCA,25,19
CAATGGAAAGCAGGAA,26,19
CAATGGAAAGTCACTA,27,19
CAATGGAAATCCTGTA,28,19
CAATGGAAATTGAGGA,29,19
CAATGGAACAACCACA,30,19
CAATGGAAGACTAGTA,31,19
CAATGGAACAATGGAA,32,19
CAATGGAACACTTCGA,33,19
CAATGGAACAGCGTTA,34,19
CAATGGAACATACCAA,35,19
CAATGGAACCAGTTCA,36,19
CAATGGAACCGAAGTA,37,19
CAATGGAACCGTGAGA,38,19
CAATGGAACCTCCTGA,39,19
CAATGGAACGAACTTA,40,19
CAATGGAACGACTGGA,41,19
CAATGGAACGCATACA,42,19
CAATGGAACTCAATGA,43,19
CAATGGAACTGAGCCA,44,19
CAATGGAACTGGCATA,45,19
CAATGGAAGAATCTGA,46,19
CAATGGAACAAGACTA,47,19
CAATGGAAGAGCTGAA,48,19
CAATGGAAGATAGACA,49,19
CAATGGAAGCCACATA,50,19
CACTTCGAAACGTGAT,1,18
CACTTCGAAAACATCG,2,18
CACTTCGAATGCCTAA,3,18
CACTTCGAAGTGGTCA,4,18
CACTTCGAACCACTGT,5,18
CACTTCGAACATTGGC,6,18
CACTTCGACAGATCTG,7,18
CACTTCGACATCAAGT,8,18
CACTTCGACGCTGATC,9,18
CACTTCGAACAAGCTA,10,18
CACTTCGACTGTAGCC,11,18
CACTTCGAAGTACAAG,12,18
CACTTCGAAACAACCA,13,18
CACTTCGAAACCGAGA,14,18
CACTTCGAAACGCTTA,15,18
CACTTCGAAAGACGGA,16,18
CACTTCGAAAGGTACA,17,18
CACTTCGAACACAGAA,18,18
CACTTCGAACAGCAGA,19,18
CACTTCGAACCTCCAA,20,18
CACTTCGAACGCTCGA,21,18
CACTTCGAACGTATCA,22,18
CACTTCGAACTATGCA,23,18
CACTTCGAAGAGTCAA,24,18
CACTTCGAAGATCGCA,25,18
CACTTCGAAGCAGGAA,26,18
CACTTCGAAGTCACTA,27,18
CACTTCGAATCCTGTA,28,18
CACTTCGAATTGAGGA,29,18
CACTTCGACAACCACA,30,18
CACTTCGAGACTAGTA,31,18
CACTTCGACAATGGAA,32,18
CACTTCGACACTTCGA,33,18
CACTTCGACAGCGTTA,34,18
CACTTCGACATACCAA,35,18
CACTTCGACCAGTTCA,36,18
CACTTCGACCGAAGTA,37,18
CACTTCGACCGTGAGA,38,18
CACTTCGACCTCCTGA,39,18
CACTTCGACGAACTTA,40,18
CACTTCGACGACTGGA,41,18
CACTTCGACGCATACA,42,18
CACTTCGACTCAATGA,43,18
CACTTCGACTGAGCCA,44,18
CACTTCGACTGGCATA,45,18
CACTTCGAGAATCTGA,46,18
CACTTCGACAAGACTA,47,18
CACTTCGAGAGCTGAA,48,18
CACTTCGAGATAGACA,49,18
CACTTCGAGCCACATA,50,18
CAGCGTTAAACGTGAT,1,17
CAGCGTTAAAACATCG,2,17
CAGCGTTAATGCCTAA,3,17
CAGCGTTAAGTGGTCA,4,17
CAGCGTTAACCACTGT,5,17
CAGCGTTAACATTGGC,6,17
CAGCGTTACAGATCTG,7,17
CAGCGTTACATCAAGT,8,17
CAGCGTTACGCTGATC,9,17
CAGCGTTAACAAGCTA,10,17
CAGCGTTACTGTAGCC,11,17
CAGCGTTAAGTACAAG,12,17
CAGCGTTAAACAACCA,13,17
CAGCGTTAAACCGAGA,14,17
CAGCGTTAAACGCTTA,15,17
CAGCGTTAAAGACGGA,16,17
CAGCGTTAAAGGTACA,17,17
CAGCGTTAACACAGAA,18,17
CAGCGTTAACAGCAGA,19,17
CAGCGTTAACCTCCAA,20,17
CAGCGTTAACGCTCGA,21,17
CAGCGTTAACGTATCA,22,17
CAGCGTTAACTATGCA,23,17
CAGCGTTAAGAGTCAA,24,17
CAGCGTTAAGATCGCA,25,17
CAGCGTTAAGCAGGAA,26,17
CAGCGTTAAGTCACTA,27,17
CAGCGTTAATCCTGTA,28,17
CAGCGTTAATTGAGGA,29,17
CAGCGTTACAACCACA,30,17
CAGCGTTAGACTAGTA,31,17
CAGCGTTACAATGGAA,32,17
CAGCGTTACACTTCGA,33,17
CAGCGTTACAGCGTTA,34,17
CAGCGTTACATACCAA,35,17
CAGCGTTACCAGTTCA,36,17
CAGCGTTACCGAAGTA,37,17
CAGCGTTACCGTGAGA,38,17
CAGCGTTACCTCCTGA,39,17
CAGCGTTACGAACTTA,40,17
CAGCGTTACGACTGGA,41,17
CAGCGTTACGCATACA,42,17
CAGCGTTACTCAATGA,43,17
CAGCGTTACTGAGCCA,44,17
CAGCGTTACTGGCATA,45,17
CAGCGTTAGAATCTGA,46,17
CAGCGTTACAAGACTA,47,17
CAGCGTTAGAGCTGAA,48,17
CAGCGTTAGATAGACA,49,17
CAGCGTTAGCCACATA,50,17
CATACCAAAACGTGAT,1,16
CATACCAAAAACATCG,2,16
CATACCAAATGCCTAA,3,16
CATACCAAAGTGGTCA,4,16
CATACCAAACCACTGT,5,16
CATACCAAACATTGGC,6,16
CATACCAACAGATCTG,7,16
CATACCAACATCAAGT,8,16
CATACCAACGCTGATC,9,16
CATACCAAACAAGCTA,10,16
CATACCAACTGTAGCC,11,16
CATACCAAAGTACAAG,12,16
CATACCAAAACAACCA,13,16
CATACCAAAACCGAGA,14,16
CATACCAAAACGCTTA,15,16
CATACCAAAAGACGGA,16,16
CATACCAAAAGGTACA,17,16
CATACCAAACACAGAA,18,16
CATACCAAACAGCAGA,19,16
CATACCAAACCTCCAA,20,16
CATACCAAACGCTCGA,21,16
CATACCAAACGTATCA,22,16
CATACCAAACTATGCA,23,16
CATACCAAAGAGTCAA,24,16
CATACCAAAGATCGCA,25,16
CATACCAAAGCAGGAA,26,16
CATACCAAAGTCACTA,27,16
CATACCAAATCCTGTA,28,16
CATACCAAATTGAGGA,29,16
CATACCAACAACCACA,30,16
CATACCAAGACTAGTA,31,16
CATACCAACAATGGAA,32,16
CATACCAACACTTCGA,33,16
CATACCAACAGCGTTA,34,16
CATACCAACATACCAA,35,16
CATACCAACCAGTTCA,36,16
CATACCAACCGAAGTA,37,16
CATACCAACCGTGAGA,38,16
CATACCAACCTCCTGA,39,16
CATACCAACGAACTTA,40,16
CATACCAACGACTGGA,41,16
CATACCAACGCATACA,42,16
CATACCAACTCAATGA,43,16
CATACCAACTGAGCCA,44,16
CATACCAACTGGCATA,45,16
CATACCAAGAATCTGA,46,16
CATACCAACAAGACTA,47,16
CATACCAAGAGCTGAA,48,16
CATACCAAGATAGACA,49,16
CATACCAAGCCACATA,50,16
CCAGTTCAAACGTGAT,1,15
CCAGTTCAAAACATCG,2,15
CCAGTTCAATGCCTAA,3,15
CCAGTTCAAGTGGTCA,4,15
CCAGTTCAACCACTGT,5,15
CCAGTTCAACATTGGC,6,15
CCAGTTCACAGATCTG,7,15
CCAGTTCACATCAAGT,8,15
CCAGTTCACGCTGATC,9,15
CCAGTTCAACAAGCTA,10,15
CCAGTTCACTGTAGCC,11,15
CCAGTTCAAGTACAAG,12,15
CCAGTTCAAACAACCA,13,15
CCAGTTCAAACCGAGA,14,15
CCAGTTCAAACGCTTA,15,15
CCAGTTCAAAGACGGA,16,15
CCAGTTCAAAGGTACA,17,15
CCAGTTCAACACAGAA,18,15
CCAGTTCAACAGCAGA,19,15
CCAGTTCAACCTCCAA,20,15
CCAGTTCAACGCTCGA,21,15
CCAGTTCAACGTATCA,22,15
CCAGTTCAACTATGCA,23,15
CCAGTTCAAGAGTCAA,24,15
CCAGTTCAAGATCGCA,25,15
CCAGTTCAAGCAGGAA,26,15
CCAGTTCAAGTCACTA,27,15
CCAGTTCAATCCTGTA,28,15
CCAGTTCAATTGAGGA,29,15
CCAGTTCACAACCACA,30,15
CCAGTTCAGACTAGTA,31,15
CCAGTTCACAATGGAA,32,15
CCAGTTCACACTTCGA,33,15
CCAGTTCACAGCGTTA,34,15
CCAGTTCACATACCAA,35,15
CCAGTTCACCAGTTCA,36,15
CCAGTTCACCGAAGTA,37,15
CCAGTTCACCGTGAGA,38,15
CCAGTTCACCTCCTGA,39,15
CCAGTTCACGAACTTA,40,15
CCAGTTCACGACTGGA,41,15
CCAGTTCACGCATACA,42,15
CCAGTTCACTCAATGA,43,15
CCAGTTCACTGAGCCA,44,15
CCAGTTCACTGGCATA,45,15
CCAGTTCAGAATCTGA,46,15
CCAGTTCACAAGACTA,47,15
CCAGTTCAGAGCTGAA,48,15
CCAGTTCAGATAGACA,49,15
CCAGTTCAGCCACATA,50,15
CCGAAGTAAACGTGAT,1,14
CCGAAGTAAAACATCG,2,14
CCGAAGTAATGCCTAA,3,14
CCGAAGTAAGTGGTCA,4,14
CCGAAGTAACCACTGT,5,14
CCGAAGTAACATTGGC,6,14
CCGAAGTACAGATCTG,7,14
CCGAAGTACATCAAGT,8,14
CCGAAGTACGCTGATC,9,14
CCGAAGTAACAAGCTA,10,14
CCGAAGTACTGTAGCC,11,14
CCGAAGTAAGTACAAG,12,14
CCGAAGTAAACAACCA,13,14
CCGAAGTAAACCGAGA,14,14
CCGAAGTAAACGCTTA,15,14
CCGAAGTAAAGACGGA,16,14
CCGAAGTAAAGGTACA,17,14
CCGAAGTAACACAGAA,18,14
CCGAAGTAACAGCAGA,19,14
CCGAAGTAACCTCCAA,20,14
CCGAAGTAACGCTCGA,21,14
CCGAAGTAACGTATCA,22,14
CCGAAGTAACTATGCA,23,14
CCGAAGTAAGAGTCAA,24,14
CCGAAGTAAGATCGCA,25,14
CCGAAGTAAGCAGGAA,26,14
CCGAAGTAAGTCACTA,27,14
CCGAAGTAATCCTGTA,28,14
CCGAAGTAATTGAGGA,29,14
CCGAAGTACAACCACA,30,14
CCGAAGTAGACTAGTA,31,14
CCGAAGTACAATGGAA,32,14
CCGAAGTACACTTCGA,33,14
CCGAAGTACAGCGTTA,34,14
CCGAAGTACATACCAA,35,14
CCGAAGTACCAGTTCA,36,14
CCGAAGTACCGAAGTA,37,14
CCGAAGTACCGTGAGA,38,14
CCGAAGTACCTCCTGA,39,14
CCGAAGTACGAACTTA,40,14
CCGAAGTACGACTGGA,41,14
CCGAAGTACGCATACA,42,14
CCGAAGTACTCAATGA,43,14
CCGAAGTACTGAGCCA,44,14
CCGAAGTACTGGCATA,45,14
CCGAAGTAGAATCTGA,46,14
CCGAAGTACAAGACTA,47,14
CCGAAGTAGAGCTGAA,48,14
CCGAAGTAGATAGACA,49,14
CCGAAGTAGCCACATA,50,14
CCGTGAGAAACGTGAT,1,13
CCGTGAGAAAACATCG,2,13
CCGTGAGAATGCCTAA,3,13
CCGTGAGAAGTGGTCA,4,13
CCGTGAGAACCACTGT,5,13
CCGTGAGAACATTGGC,6,13
CCGTGAGACAGATCTG,7,13
CCGTGAGACATCAAGT,8,13
CCGTGAGACGCTGATC,9,13
CCGTGAGAACAAGCTA,10,13
CCGTGAGACTGTAGCC,11,13
CCGTGAGAAGTACAAG,12,13
CCGTGAGAAACAACCA,13,13
CCGTGAGAAACCGAGA,14,13
CCGTGAGAAACGCTTA,15,13
CCGTGAGAAAGACGGA,16,13
CCGTGAGAAAGGTACA,17,13
CCGTGAGAACACAGAA,18,13
CCGTGAGAACAGCAGA,19,13
CCGTGAGAACCTCCAA,20,13
CCGTGAGAACGCTCGA,21,13
CCGTGAGAACGTATCA,22,13
CCGTGAGAACTATGCA,23,13
CCGTGAGAAGAGTCAA,24,13
CCGTGAGAAGATCGCA,25,13
CCGTGAGAAGCAGGAA,26,13
CCGTGAGAAGTCACTA,27,13
CCGTGAGAATCCTGTA,28,13
CCGTGAGAATTGAGGA,29,13
CCGTGAGACAACCACA,30,13
CCGTGAGAGACTAGTA,31,13
CCGTGAGACAATGGAA,32,13
CCGTGAGACACTTCGA,33,13
CCGTGAGACAGCGTTA,34,13
CCGTGAGACATACCAA,35,13
CCGTGAGACCAGTTCA,36,13
CCGTGAGACCGAAGTA,37,13
CCGTGAGACCGTGAGA,38,13
CCGTGAGACCTCCTGA,39,13
CCGTGAGACGAACTTA,40,13
CCGTGAGACGACTGGA,41,13
CCGTGAGACGCATACA,42,13
CCGTGAGACTCAATGA,43,13
CCGTGAGACTGAGCCA,44,13
CCGTGAGACTGGCATA,45,13
CCGTGAGAGAATCTGA,46,13
CCGTGAGACAAGACTA,47,13
CCGTGAGAGAGCTGAA,48,13
CCGTGAGAGATAGACA,49,13
CCGTGAGAGCCACATA,50,13
CCTCCTGAAACGTGAT,1,12
CCTCCTGAAAACATCG,2,12
CCTCCTGAATGCCTAA,3,12
CCTCCTGAAGTGGTCA,4,12
CCTCCTGAACCACTGT,5,12
CCTCCTGAACATTGGC,6,12
CCTCCTGACAGATCTG,7,12
CCTCCTGACATCAAGT,8,12
CCTCCTGACGCTGATC,9,12
CCTCCTGAACAAGCTA,10,12
CCTCCTGACTGTAGCC,11,12
CCTCCTGAAGTACAAG,12,12
CCTCCTGAAACAACCA,13,12
CCTCCTGAAACCGAGA,14,12
CCTCCTGAAACGCTTA,15,12
CCTCCTGAAAGACGGA,16,12
CCTCCTGAAAGGTACA,17,12
CCTCCTGAACACAGAA,18,12
CCTCCTGAACAGCAGA,19,12
CCTCCTGAACCTCCAA,20,12
CCTCCTGAACGCTCGA,21,12
CCTCCTGAACGTATCA,22,12
CCTCCTGAACTATGCA,23,12
CCTCCTGAAGAGTCAA,24,12
CCTCCTGAAGATCGCA,25,12
CCTCCTGAAGCAGGAA,26,12
CCTCCTGAAGTCACTA,27,12
CCTCCTGAATCCTGTA,28,12
CCTCCTGAATTGAGGA,29,12
CCTCCTGACAACCACA,30,12
CCTCCTGAGACTAGTA,31,12
CCTCCTGACAATGGAA,32,12
CCTCCTGACACTTCGA,33,12
CCTCCTGACAGCGTTA,34,12
CCTCCTGACATACCAA,35,12
CCTCCTGACCAGTTCA,36,12
CCTCCTGACCGAAGTA,37,12
CCTCCTGACCGTGAGA,38,12
CCTCCTGACCTCCTGA,39,12
CCTCCTGACGAACTTA,40,12
CCTCCTGACGACTGGA,41,12
CCTCCTGACGCATACA,42,12
CCTCCTGACTCAATGA,43,12
CCTCCTGACTGAGCCA,44,12
CCTCCTGACTGGCATA,45,12
CCTCCTGAGAATCTGA,46,12
CCTCCTGACAAGACTA,47,12
CCTCCTGAGAGCTGAA,48,12
CCTCCTGAGATAGACA,49,12
CCTCCTGAGCCACATA,50,12
CGAACTTAAACGTGAT,1,11
CGAACTTAAAACATCG,2,11
CGAACTTAATGCCTAA,3,11
CGAACTTAAGTGGTCA,4,11
CGAACTTAACCACTGT,5,11
CGAACTTAACATTGGC,6,11
CGAACTTACAGATCTG,7,11
CGAACTTACATCAAGT,8,11
CGAACTTACGCTGATC,9,11
CGAACTTAACAAGCTA,10,11
CGAACTTACTGTAGCC,11,11
CGAACTTAAGTACAAG,12,11
CGAACTTAAACAACCA,13,11
CGAACTTAAACCGAGA,14,11
CGAACTTAAACGCTTA,15,11
CGAACTTAAAGACGGA,16,11
CGAACTTAAAGGTACA,17,11
CGAACTTAACACAGAA,18,11
CGAACTTAACAGCAGA,19,11
CGAACTTAACCTCCAA,20,11
CGAACTTAACGCTCGA,21,11
CGAACTTAACGTATCA,22,11
CGAACTTAACTATGCA,23,11
CGAACTTAAGAGTCAA,24,11
CGAACTTAAGATCGCA,25,11
CGAACTTAAGCAGGAA,26,11
CGAACTTAAGTCACTA,27,11
CGAACTTAATCCTGTA,28,11
CGAACTTAATTGAGGA,29,11
CGAACTTACAACCACA,30,11
CGAACTTAGACTAGTA,31,11
CGAACTTACAATGGAA,32,11
CGAACTTACACTTCGA,33,11
CGAACTTACAGCGTTA,34,11
CGAACTTACATACCAA,35,11
CGAACTTACCAGTTCA,36,11
CGAACTTACCGAAGTA,37,11
CGAACTTACCGTGAGA,38,11
CGAACTTACCTCCTGA,39,11
CGAACTTACGAACTTA,40,11
CGAACTTACGACTGGA,41,11
CGAACTTACGCATACA,42,11
CGAACTTACTCAATGA,43,11
CGAACTTACTGAGCCA,44,11
CGAACTTACTGGCATA,45,11
CGAACTTAGAATCTGA,46,11
CGAACTTACAAGACTA,47,11
CGAACTTAGAGCTGAA,48,11
CGAACTTAGATAGACA,49,11
CGAACTTAGCCACATA,50,11
CGACTGGAAACGTGAT,1,10
CGACTGGAAAACATCG,2,10
CGACTGGAATGCCTAA,3,10
CGACTGGAAGTGGTCA,4,10
CGACTGGAACCACTGT,5,10
CGACTGGAACATTGGC,6,10
CGACTGGACAGATCTG,7,10
CGACTGGACATCAAGT,8,10
CGACTGGACGCTGATC,9,10
CGACTGGAACAAGCTA,10,10
CGACTGGACTGTAGCC,11,10
CGACTGGAAGTACAAG,12,10
CGACTGGAAACAACCA,13,10
CGACTGGAAACCGAGA,14,10
CGACTGGAAACGCTTA,15,10
CGACTGGAAAGACGGA,16,10
CGACTGGAAAGGTACA,17,10
CGACTGGAACACAGAA,18,10
CGACTGGAACAGCAGA,19,10
CGACTGGAACCTCCAA,20,10
CGACTGGAACGCTCGA,21,10
CGACTGGAACGTATCA,22,10
CGACTGGAACTATGCA,23,10
CGACTGGAAGAGTCAA,24,10
CGACTGGAAGATCGCA,25,10
CGACTGGAAGCAGGAA,26,10
CGACTGGAAGTCACTA,27,10
CGACTGGAATCCTGTA,28,10
CGACTGGAATTGAGGA,29,10
CGACTGGACAACCACA,30,10
CGACTGGAGACTAGTA,31,10
CGACTGGACAATGGAA,32,10
CGACTGGACACTTCGA,33,10
CGACTGGACAGCGTTA,34,10
CGACTGGACATACCAA,35,10
CGACTGGACCAGTTCA,36,10
CGACTGGACCGAAGTA,37,10
CGACTGGACCGTGAGA,38,10
CGACTGGACCTCCTGA,39,10
CGACTGGACGAACTTA,40,10
CGACTGGACGACTGGA,41,10
CGACTGGACGCATACA,42,10
CGACTGGACTCAATGA,43,10
CGACTGGACTGAGCCA,44,10
CGACTGGACTGGCATA,45,10
CGACTGGAGAATCTGA,46,10
CGACTGGACAAGACTA,47,10
CGACTGGAGAGCTGAA,48,10
CGACTGGAGATAGACA,49,10
CGACTGGAGCCACATA,50,10
CGCATACAAACGTGAT,1,9
CGCATACAAAACATCG,2,9
CGCATACAATGCCTAA,3,9
CGCATACAAGTGGTCA,4,9
CGCATACAACCACTGT,5,9
CGCATACAACATTGGC,6,9
CGCATACACAGATCTG,7,9
CGCATACACATCAAGT,8,9
CGCATACACGCTGATC,9,9
CGCATACAACAAGCTA,10,9
CGCATACACTGTAGCC,11,9
CGCATACAAGTACAAG,12,9
CGCATACAAACAACCA,13,9
CGCATACAAACCGAGA,14,9
CGCATACAAACGCTTA,15,9
CGCATACAAAGACGGA,16,9
CGCATACAAAGGTACA,17,9
CGCATACAACACAGAA,18,9
CGCATACAACAGCAGA,19,9
CGCATACAACCTCCAA,20,9
CGCATACAACGCTCGA,21,9
CGCATACAACGTATCA,22,9
CGCATACAACTATGCA,23,9
CGCATACAAGAGTCAA,24,9
CGCATACAAGATCGCA,25,9
CGCATACAAGCAGGAA,26,9
CGCATACAAGTCACTA,27,9
CGCATACAATCCTGTA,28,9
CGCATACAATTGAGGA,29,9
CGCATACACAACCACA,30,9
CGCATACAGACTAGTA,31,9
CGCATACACAATGGAA,32,9
CGCATACACACTTCGA,33,9
CGCATACACAGCGTTA,34,9
CGCATACACATACCAA,35,9
CGCATACACCAGTTCA,36,9
CGCATACACCGAAGTA,37,9
CGCATACACCGTGAGA,38,9
CGCATACACCTCCTGA,39,9
CGCATACACGAACTTA,40,9
CGCATACACGACTGGA,41,9
CGCATACACGCATACA,42,9
CGCATACACTCAATGA,43,9
CGCATACACTGAGCCA,44,9
CGCATACACTGGCATA,45,9
CGCATACAGAATCTGA,46,9
CGCATACACAAGACTA,47,9
CGCATACAGAGCTGAA,48,9
CGCATACAGATAGACA,49,9
CGCATACAGCCACATA,50,9
CTCAATGAAACGTGAT,1,8
CTCAATGAAAACATCG,2,8
CTCAATGAATGCCTAA,3,8
CTCAATGAAGTGGTCA,4,8
CTCAATGAACCACTGT,5,8
CTCAATGAACATTGGC,6,8
CTCAATGACAGATCTG,7,8
CTCAATGACATCAAGT,8,8
CTCAATGACGCTGATC,9,8
CTCAATGAACAAGCTA,10,8
CTCAATGACTGTAGCC,11,8
CTCAATGAAGTACAAG,12,8
CTCAATGAAACAACCA,13,8
CTCAATGAAACCGAGA,14,8
CTCAATGAAACGCTTA,15,8
CTCAATGAAAGACGGA,16,8
CTCAATGAAAGGTACA,17,8
CTCAATGAACACAGAA,18,8
CTCAATGAACAGCAGA,19,8
CTCAATGAACCTCCAA,20,8
CTCAATGAACGCTCGA,21,8
CTCAATGAACGTATCA,22,8
CTCAATGAACTATGCA,23,8
CTCAATGAAGAGTCAA,24,8
CTCAATGAAGATCGCA,25,8
CTCAATGAAGCAGGAA,26,8
CTCAATGAAGTCACTA,27,8
CTCAATGAATCCTGTA,28,8
CTCAATGAATTGAGGA,29,8
CTCAATGACAACCACA,30,8
CTCAATGAGACTAGTA,31,8
CTCAATGACAATGGAA,32,8
CTCAATGACACTTCGA,33,8
CTCAATGACAGCGTTA,34,8
CTCAATGACATACCAA,35,8
CTCAATGACCAGTTCA,36,8
CTCAATGACCGAAGTA,37,8
CTCAATGACCGTGAGA,38,8
CTCAATGACCTCCTGA,39,8
CTCAATGACGAACTTA,40,8
CTCAATGACGACTGGA,41,8
CTCAATGACGCATACA,42,8
CTCAATGACTCAATGA,43,8
CTCAATGACTGAGCCA,44,8
CTCAATGACTGGCATA,45,8
CTCAATGAGAATCTGA,46,8
CTCAATGACAAGACTA,47,8
CTCAATGAGAGCTGAA,48,8
CTCAATGAGATAGACA,49,8
CTCAATGAGCCACATA,50,8
CTGAGCCAAACGTGAT,1,7
CTGAGCCAAAACATCG,2,7
CTGAGCCAATGCCTAA,3,7
CTGAGCCAAGTGGTCA,4,7
CTGAGCCAACCACTGT,5,7
CTGAGCCAACATTGGC,6,7
CTGAGCCACAGATCTG,7,7
CTGAGCCACATCAAGT,8,7
CTGAGCCACGCTGATC,9,7
CTGAGCCAACAAGCTA,10,7
CTGAGCCACTGTAGCC,11,7
CTGAGCCAAGTACAAG,12,7
CTGAGCCAAACAACCA,13,7
CTGAGCCAAACCGAGA,14,7
CTGAGCCAAACGCTTA,15,7
CTGAGCCAAAGACGGA,16,7
CTGAGCCAAAGGTACA,17,7
CTGAGCCAACACAGAA,18,7
CTGAGCCAACAGCAGA,19,7
CTGAGCCAACCTCCAA,20,7
CTGAGCCAACGCTCGA,21,7
CTGAGCCAACGTATCA,22,7
CTGAGCCAACTATGCA,23,7
CTGAGCCAAGAGTCAA,24,7
CTGAGCCAAGATCGCA,25,7
CTGAGCCAAGCAGGAA,26,7
CTGAGCCAAGTCACTA,27,7
CTGAGCCAATCCTGTA,28,7
CTGAGCCAATTGAGGA,29,7
CTGAGCCACAACCACA,30,7
CTGAGCCAGACTAGTA,31,7
CTGAGCCACAATGGAA,32,7
CTGAGCCACACTTCGA,33,7
CTGAGCCACAGCGTTA,34,7
CTGAGCCACATACCAA,35,7
CTGAGCCACCAGTTCA,36,7
CTGAGCCACCGAAGTA,37,7
CTGAGCCACCGTGAGA,38,7
CTGAGCCACCTCCTGA,39,7
CTGAGCCACGAACTTA,40,7
CTGAGCCACGACTGGA,41,7
CTGAGCCACGCATACA,42,7
CTGAGCCACTCAATGA,43,7
CTGAGCCACTGAGCCA,44,7
CTGAGCCACTGGCATA,45,7
CTGAGCCAGAATCTGA,46,7
CTGAGCCACAAGACTA,47,7
CTGAGCCAGAGCTGAA,48,7
CTGAGCCAGATAGACA,49,7
CTGAGCCAGCCACATA,50,7
CTGGCATAAACGTGAT,1,6
CTGGCATAAAACATCG,2,6
CTGGCATAATGCCTAA,3,6
CTGGCATAAGTGGTCA,4,6
CTGGCATAACCACTGT,5,6
CTGGCATAACATTGGC,6,6
CTGGCATACAGATCTG,7,6
CTGGCATACATCAAGT,8,6
CTGGCATACGCTGATC,9,6
CTGGCATAACAAGCTA,10,6
CTGGCATACTGTAGCC,11,6
CTGGCATAAGTACAAG,12,6
CTGGCATAAACAACCA,13,6
CTGGCATAAACCGAGA,14,6
CTGGCATAAACGCTTA,15,6
CTGGCATAAAGACGGA,16,6
CTGGCATAAAGGTACA,17,6
CTGGCATAACACAGAA,18,6
CTGGCATAACAGCAGA,19,6
CTGGCATAACCTCCAA,20,6
CTGGCATAACGCTCGA,21,6
CTGGCATAACGTATCA,22,6
CTGGCATAACTATGCA,23,6
CTGGCATAAGAGTCAA,24,6
CTGGCATAAGATCGCA,25,6
CTGGCATAAGCAGGAA,26,6
CTGGCATAAGTCACTA,27,6
CTGGCATAATCCTGTA,28,6
CTGGCATAATTGAGGA,29,6
CTGGCATACAACCACA,30,6
CTGGCATAGACTAGTA,31,6
CTGGCATACAATGGAA,32,6
CTGGCATACACTTCGA,33,6
CTGGCATACAGCGTTA,34,6
CTGGCATACATACCAA,35,6
CTGGCATACCAGTTCA,36,6
CTGGCATACCGAAGTA,37,6
CTGGCATACCGTGAGA,38,6
CTGGCATACCTCCTGA,39,6
CTGGCATACGAACTTA,40,6
CTGGCATACGACTGGA,41,6
CTGGCATACGCATACA,42,6
CTGGCATACTCAATGA,43,6
CTGGCATACTGAGCCA,44,6
CTGGCATACTGGCATA,45,6
CTGGCATAGAATCTGA,46,6
CTGGCATACAAGACTA,47,6
CTGGCATAGAGCTGAA,48,6
CTGGCATAGATAGACA,49,6
CTGGCATAGCCACATA,50,6
GAATCTGAAACGTGAT,1,5
GAATCTGAAAACATCG,2,5
GAATCTGAATGCCTAA,3,5
GAATCTGAAGTGGTCA,4,5
GAATCTGAACCACTGT,5,5
GAATCTGAACATTGGC,6,5
GAATCTGACAGATCTG,7,5
GAATCTGACATCAAGT,8,5
GAATCTGACGCTGATC,9,5
GAATCTGAACAAGCTA,10,5
GAATCTGACTGTAGCC,11,5
GAATCTGAAGTACAAG,12,5
GAATCTGAAACAACCA,13,5
GAATCTGAAACCGAGA,14,5
GAATCTGAAACGCTTA,15,5
GAATCTGAAAGACGGA,16,5
GAATCTGAAAGGTACA,17,5
GAATCTGAACACAGAA,18,5
GAATCTGAACAGCAGA,19,5
GAATCTGAACCTCCAA,20,5
GAATCTGAACGCTCGA,21,5
GAATCTGAACGTATCA,22,5
GAATCTGAACTATGCA,23,5
GAATCTGAAGAGTCAA,24,5
GAATCTGAAGATCGCA,25,5
GAATCTGAAGCAGGAA,26,5
GAATCTGAAGTCACTA,27,5
GAATCTGAATCCTGTA,28,5
GAATCTGAATTGAGGA,29,5
GAATCTGACAACCACA,30,5
GAATCTGAGACTAGTA,31,5
GAATCTGACAATGGAA,32,5
GAATCTGACACTTCGA,33,5
GAATCTGACAGCGTTA,34,5
GAATCTGACATACCAA,35,5
GAATCTGACCAGTTCA,36,5
GAATCTGACCGAAGTA,37,5
GAATCTGACCGTGAGA,38,5
GAATCTGACCTCCTGA,39,5
GAATCTGACGAACTTA,40,5
GAATCTGACGACTGGA,41,5
GAATCTGACGCATACA,42,5
GAATCTGACTCAATGA,43,5
GAATCTGACTGAGCCA,44,5
GAATCTGACTGGCATA,45,5
GAATCTGAGAATCTGA,46,5
GAATCTGACAAGACTA,47,5
GAATCTGAGAGCTGAA,48,5
GAATCTGAGATAGACA,49,5
GAATCTGAGCCACATA,50,5
CAAGACTAAACGTGAT,1,4
CAAGACTAAAACATCG,2,4
CAAGACTAATGCCTAA,3,4
CAAGACTAAGTGGTCA,4,4
CAAGACTAACCACTGT,5,4
CAAGACTAACATTGGC,6,4
CAAGACTACAGATCTG,7,4
CAAGACTACATCAAGT,8,4
CAAGACTACGCTGATC,9,4
CAAGACTAACAAGCTA,10,4
CAAGACTACTGTAGCC,11,4
CAAGACTAAGTACAAG,12,4
CAAGACTAAACAACCA,13,4
CAAGACTAAACCGAGA,14,4
CAAGACTAAACGCTTA,15,4
CAAGACTAAAGACGGA,16,4
CAAGACTAAAGGTACA,17,4
CAAGACTAACACAGAA,18,4
CAAGACTAACAGCAGA,19,4
CAAGACTAACCTCCAA,20,4
CAAGACTAACGCTCGA,21,4
CAAGACTAACGTATCA,22,4
CAAGACTAACTATGCA,23,4
CAAGACTAAGAGTCAA,24,4
CAAGACTAAGATCGCA,25,4
CAAGACTAAGCAGGAA,26,4
CAAGACTAAGTCACTA,27,4
CAAGACTAATCCTGTA,28,4
CAAGACTAATTGAGGA,29,4
CAAGACTACAACCACA,30,4
CAAGACTAGACTAGTA,31,4
CAAGACTACAATGGAA,32,4
CAAGACTACACTTCGA,33,4
CAAGACTACAGCGTTA,34,4
CAAGACTACATACCAA,35,4
CAAGACTACCAGTTCA,36,4
CAAGACTACCGAAGTA,37,4
CAAGACTACCGTGAGA,38,4
CAAGACTACCTCCTGA,39,4
CAAGACTACGAACTTA,40,4
CAAGACTACGACTGGA,41,4
CAAGACTACGCATACA,42,4
CAAGACTACTCAATGA,43,4
CAAGACTACTGAGCCA,44,4
CAAGACTACTGGCATA,45,4
CAAGACTAGAATCTGA,46,4
CAAGACTACAAGACTA,47,4
CAAGACTAGAGCTGAA,48,4
CAAGACTAGATAGACA,49,4
CAAGACTAGCCACATA,50,4
GAGCTGAAAACGTGAT,1,3
GAGCTGAAAAACATCG,2,3
GAGCTGAAATGCCTAA,3,3
GAGCTGAAAGTGGTCA,4,3
GAGCTGAAACCACTGT,5,3
GAGCTGAAACATTGGC,6,3
GAGCTGAACAGATCTG,7,3
GAGCTGAACATCAAGT,8,3
GAGCTGAACGCTGATC,9,3
GAGCTGAAACAAGCTA,10,3
GAGCTGAACTGTAGCC,11,3
GAGCTGAAAGTACAAG,12,3
GAGCTGAAAACAACCA,13,3
GAGCTGAAAACCGAGA,14,3
GAGCTGAAAACGCTTA,15,3
GAGCTGAAAAGACGGA,16,3
GAGCTGAAAAGGTACA,17,3
GAGCTGAAACACAGAA,18,3
GAGCTGAAACAGCAGA,19,3
GAGCTGAAACCTCCAA,20,3
GAGCTGAAACGCTCGA,21,3
GAGCTGAAACGTATCA,22,3
GAGCTGAAACTATGCA,23,3
GAGCTGAAAGAGTCAA,24,3
GAGCTGAAAGATCGCA,25,3
GAGCTGAAAGCAGGAA,26,3
GAGCTGAAAGTCACTA,27,3
GAGCTGAAATCCTGTA,28,3
GAGCTGAAATTGAGGA,29,3
GAGCTGAACAACCACA,30,3
GAGCTGAAGACTAGTA,31,3
GAGCTGAACAATGGAA,32,3
GAGCTGAACACTTCGA,33,3
GAGCTGAACAGCGTTA,34,3
GAGCTGAACATACCAA,35,3
GAGCTGAACCAGTTCA,36,3
GAGCTGAACCGAAGTA,37,3
GAGCTGAACCGTGAGA,38,3
GAGCTGAACCTCCTGA,39,3
GAGCTGAACGAACTTA,40,3
GAGCTGAACGACTGGA,41,3
GAGCTGAACGCATACA,42,3
GAGCTGAACTCAATGA,43,3
GAGCTGAACTGAGCCA,44,3
GAGCTGAACTGGCATA,45,3
GAGCTGAAGAATCTGA,46,3
GAGCTGAACAAGACTA,47,3
GAGCTGAAGAGCTGAA,48,3
GAGCTGAAGATAGACA,49,3
GAGCTGAAGCCACATA,50,3
GATAGACAAACGTGAT,1,2
GATAGACAAAACATCG,2,2
GATAGACAATGCCTAA,3,2
GATAGACAAGTGGTCA,4,2
GATAGACAACCACTGT,5,2
GATAGACAACATTGGC,6,2
GATAGACACAGATCTG,7,2
GATAGACACATCAAGT,8,2
GATAGACACGCTGATC,9,2
GATAGACAACAAGCTA,10,2
GATAGACACTGTAGCC,11,2
GATAGACAAGTACAAG,12,2
GATAGACAAACAACCA,13,2
GATAGACAAACCGAGA,14,2
GATAGACAAACGCTTA,15,2
GATAGACAAAGACGGA,16,2
GATAGACAAAGGTACA,17,2
GATAGACAACACAGAA,18,2
GATAGACAACAGCAGA,19,2
GATAGACAACCTCCAA,20,2
GATAGACAACGCTCGA,21,2
GATAGACAACGTATCA,22,2
GATAGACAACTATGCA,23,2
GATAGACAAGAGTCAA,24,2
GATAGACAAGATCGCA,25,2
GATAGACAAGCAGGAA,26,2
GATAGACAAGTCACTA,27,2
GATAGACAATCCTGTA,28,2
GATAGACAATTGAGGA,29,2
GATAGACACAACCACA,30,2
GATAGACAGACTAGTA,31,2
GATAGACACAATGGAA,32,2
GATAGACACACTTCGA,33,2
GATAGACACAGCGTTA,34,2
GATAGACACATACCAA,35,2
GATAGACACCAGTTCA,36,2
GATAGACACCGAAGTA,37,2
GATAGACACCGTGAGA,38,2
GATAGACACCTCCTGA,39,2
GATAGACACGAACTTA,40,2
GATAGACACGACTGGA,41,2
GATAGACACGCATACA,42,2
GATAGACACTCAATGA,43,2
GATAGACACTGAGCCA,44,2
GATAGACACTGGCATA,45,2
GATAGACAGAATCTGA,46,2
GATAGACACAAGACTA,47,2
GATAGACAGAGCTGAA,48,2
GATAGACAGATAGACA,49,2
GATAGACAGCCACATA,50,2
GCCACATAAACGTGAT,1,1
GCCACATAAAACATCG,2,1
GCCACATAATGCCTAA,3,1
GCCACATAAGTGGTCA,4,1
GCCACATAACCACTGT,5,1
GCCACATAACATTGGC,6,1
GCCACATACAGATCTG,7,1
GCCACATACATCAAGT,8,1
GCCACATACGCTGATC,9,1
GCCACATAACAAGCTA,10,1
GCCACATACTGTAGCC,11,1
GCCACATAAGTACAAG,12,1
GCCACATAAACAACCA,13,1
GCCACATAAACCGAGA,14,1
GCCACATAAACGCTTA,15,1
GCCACATAAAGACGGA,16,1
GCCACATAAAGGTACA,17,1
GCCACATAACACAGAA,18,1
GCCACATAACAGCAGA,19,1
GCCACATAACCTCCAA,20,1
GCCACATAACGCTCGA,21,1
GCCACATAACGTATCA,22,1
GCCACATAACTATGCA,23,1
GCCACATAAGAGTCAA,24,1
GCCACATAAGATCGCA,25,1
GCCACATAAGCAGGAA,26,1
GCCACATAAGTCACTA,27,1
GCCACATAATCCTGTA,28,1
GCCACATAATTGAGGA,29,1
GCCACATACAACCACA,30,1
GCCACATAGACTAGTA,31,1
GCCACATACAATGGAA,32,1
GCCACATACACTTCGA,33,1
GCCACATACAGCGTTA,34,1
GCCACATACATACCAA,35,1
GCCACATACCAGTTCA,36,1
GCCACATACCGAAGTA,37,1
GCCACATACCGTGAGA,38,1
GCCACATACCTCCTGA,39,1
GCCACATACGAACTTA,40,1
GCCACATACGACTGGA,41,1
GCCACATACGCATACA,42,1
GCCACATACTCAATGA,43,1
GCCACATACTGAGCCA,44,1
GCCACATACTGGCATA,45,1
GCCACATAGAATCTGA,46,1
GCCACATACAAGACTA,47,1
GCCACATAGAGCTGAA,48,1
GCCACATAGATAGACA,49,1
GCCACATAGCCACATA,50,1